Date,renewable_energy_pct,income_inequality_gini,renewable_energy_pct_MA30,income_inequality_gini_MA30
2021-01-05,35.0,55.0,,
2021-01-06,35.0,55.0,,
2021-01-07,35.0,55.0,,
2021-01-08,35.0,55.0,,
2021-01-09,35.0,55.0,,
2021-01-10,35.0,55.0,,
2021-01-11,35.0,55.0,,
2021-01-12,35.0,55.0,,
2021-01-13,35.0,55.0,,
2021-01-14,35.0,55.0,,
2021-01-18,17.46,38.06,,
2021-01-19,20.75,35.63,,
2021-01-20,28.0,39.94,,
2021-01-21,21.1,40.49,,
2021-01-22,21.73,36.57,,
2021-01-23,19.93,35.0,,
2021-01-24,22.63,35.0,,
2021-01-25,22.75,35.75,,
2021-01-26,24.27,42.65,,
2021-01-27,23.14,41.94,,
2021-01-28,20.24,36.14,,
2021-01-29,20.08,41.75,,
2021-01-30,19.3,37.16,,
2021-01-31,28.86,38.49,,
2021-02-01,25.8,36.69,,
2021-02-02,25.72,40.22,,
2021-02-03,24.23,39.36,,
2021-02-04,19.26,46.21,,
2021-02-05,22.47,39.63,,
2021-02-06,18.91,39.39,26.554333333333332,44.20233333333333
2021-02-07,20.83,41.43,26.082,43.75
2021-02-08,23.49,44.64,25.698333333333334,43.40466666666667
2021-02-09,21.73,39.79,25.255999999999997,42.897666666666666
2021-02-10,24.08,41.24,24.892,42.439
2021-02-11,32.07,41.67,24.794333333333334,41.99466666666667
2021-02-12,24.08,35.75,24.430333333333333,41.352999999999994
2021-02-13,17.38,44.37,23.843,40.998666666666665
2021-02-14,24.55,41.12,23.494666666666667,40.535999999999994
2021-02-15,24.31,42.69,23.138333333333332,40.12566666666667
2021-02-16,19.85,41.08,22.633333333333333,39.66166666666666
2021-02-17,21.53,38.26,22.769,39.66833333333333
2021-02-18,22.9,37.67,22.840666666666664,39.73633333333333
2021-02-19,21.3,38.06,22.61733333333333,39.67366666666666
2021-02-20,27.29,39.98,22.823666666666668,39.65666666666666
2021-02-21,26.0,39.75,22.966,39.76266666666666
2021-02-22,19.65,40.45,22.956666666666663,39.94433333333333
2021-02-23,21.18,39.47,22.908333333333335,40.093333333333334
2021-02-24,23.65,38.61,22.938333333333333,40.18866666666666
2021-02-25,23.14,41.63,22.900666666666666,40.15466666666667
2021-02-26,24.51,40.92,22.94633333333333,40.12066666666667
2021-02-27,23.53,39.32,23.055999999999997,40.22666666666667
2021-02-28,23.37,38.26,23.165666666666663,40.11033333333333
2021-03-01,26.82,38.92,23.416333333333334,40.169000000000004
2021-03-02,20.12,42.45,23.125,40.301
2021-03-03,22.43,37.24,23.012666666666668,40.31933333333333
2021-03-04,21.02,35.0,22.856,40.14533333333333
2021-03-05,21.49,42.69,22.764666666666663,40.25633333333334
2021-03-06,22.0,43.82,22.855999999999998,40.17666666666666
2021-03-07,24.82,44.45,22.93433333333333,40.337333333333326
2021-03-08,27.76,39.24,23.229333333333333,40.33233333333333
2021-03-09,28.0,39.12,23.46833333333333,40.25533333333333
2021-03-10,26.35,37.44,23.563666666666666,40.015333333333324
2021-03-11,23.73,47.19,23.630333333333336,40.26199999999999
2021-03-12,20.28,38.65,23.503666666666668,40.175666666666665
2021-03-13,14.95,42.25,22.933,40.19500000000001
2021-03-14,18.95,48.17,22.762,40.609
2021-03-15,24.27,49.03,22.991666666666667,40.76433333333333
2021-03-16,22.43,40.06,22.921,40.729000000000006
2021-03-17,23.14,40.65,22.882,40.660999999999994
2021-03-18,25.64,35.83,23.075,40.486000000000004
2021-03-19,21.37,38.57,23.069666666666667,40.49633333333334
2021-03-20,16.99,39.36,22.872666666666667,40.55266666666667
2021-03-21,17.81,42.84,22.75633333333333,40.712
2021-03-22,20.83,40.61,22.541,40.733
2021-03-23,22.67,38.22,22.43,40.682
2021-03-24,25.49,39.59,22.624666666666666,40.65333333333333
2021-03-25,26.74,41.67,22.81,40.72666666666667
2021-03-26,27.84,35.0,22.949666666666666,40.60633333333333
2021-03-27,22.24,38.61,22.919666666666668,40.50566666666667
2021-03-28,19.1,39.83,22.739333333333335,40.46933333333333
2021-03-29,25.64,42.25,22.80966666666667,40.567
2021-03-30,26.04,43.04,22.898666666666667,40.72633333333333
2021-03-31,23.1,43.0,22.77466666666667,40.86233333333333
2021-04-01,24.86,42.33,22.932666666666666,40.858333333333334
2021-04-02,23.65,46.21,22.973333333333336,41.157333333333334
2021-04-03,23.76,39.32,23.064666666666668,41.30133333333334
2021-04-04,24.74,35.0,23.173000000000002,41.045
2021-04-05,24.94,35.0,23.271,40.751000000000005
2021-04-06,21.3,43.31,23.153666666666666,40.713
2021-04-07,19.93,46.76,22.892666666666667,40.96366666666667
2021-04-08,20.83,42.92,22.653666666666666,41.090333333333334
2021-04-09,24.04,39.36,22.576666666666664,41.154333333333334
2021-04-10,22.51,39.86,22.535999999999998,40.91
2021-04-11,24.0,39.59,22.66,40.94133333333333
2021-04-12,23.84,40.77,22.95633333333333,40.892
2021-04-13,26.23,41.82,23.199,40.68033333333334
2021-04-14,22.47,38.89,23.139000000000003,40.342333333333336
2021-04-15,25.61,39.39,23.244999999999997,40.32
2021-04-16,29.25,37.08,23.448666666666668,40.20100000000001
2021-04-17,26.55,36.73,23.479,40.230999999999995
2021-04-18,22.98,42.76,23.532666666666668,40.370666666666665
2021-04-19,24.43,43.27,23.780666666666665,40.501000000000005
2021-04-20,24.74,40.3,24.011666666666667,40.416333333333334
2021-04-21,21.61,36.53,24.037666666666667,40.28033333333334
2021-04-22,25.72,35.16,24.139333333333337,40.178333333333335
2021-04-23,26.39,37.59,24.169333333333334,40.11166666666667
2021-04-24,24.04,36.77,24.079333333333334,39.94833333333334
2021-04-25,19.34,38.53,23.796,40.066
2021-04-26,23.29,47.54,23.831,40.36366666666666
2021-04-27,22.28,42.22,23.936999999999998,40.443333333333335
2021-04-28,20.36,35.2,23.761,40.208333333333336
2021-04-29,21.22,41.35,23.60033333333333,40.152
2021-04-30,14.72,45.98,23.321,40.251333333333335
2021-05-01,17.18,39.71,23.064999999999998,40.164
2021-05-02,25.1,35.0,23.113333333333333,39.790333333333336
2021-05-03,23.06,35.0,23.09,39.64633333333333
2021-05-04,22.67,44.84,23.021,39.974333333333334
2021-05-05,20.55,42.76,22.874666666666666,40.233
2021-05-06,20.12,41.59,22.83533333333333,40.175666666666665
2021-05-07,22.16,39.55,22.90966666666667,39.93533333333333
2021-05-08,26.19,35.0,23.08833333333333,39.67133333333333
2021-05-09,23.25,35.0,23.062,39.525999999999996
2021-05-10,20.4,38.06,22.991666666666667,39.466
2021-05-11,18.63,40.02,22.812666666666665,39.48033333333333
2021-05-12,20.32,41.16,22.695333333333334,39.49333333333333
2021-05-13,21.57,45.86,22.54,39.62800000000001
2021-05-14,24.74,49.27,22.615666666666662,39.974000000000004
2021-05-15,23.49,47.46,22.544999999999998,40.243
2021-05-16,22.63,45.74,22.324333333333332,40.53166666666666
2021-05-17,22.2,42.76,22.179333333333332,40.73266666666667
2021-05-18,21.1,39.47,22.116666666666667,40.623
2021-05-19,24.94,39.71,22.133666666666667,40.50433333333333
2021-05-20,28.03,41.51,22.243333333333332,40.544666666666664
2021-05-21,19.34,40.57,22.167666666666666,40.67933333333333
2021-05-22,19.61,39.71,21.964,40.830999999999996
2021-05-23,28.82,44.49,22.045,41.061
2021-05-24,30.19,41.94,22.25,41.233333333333334
2021-05-25,27.33,41.75,22.516333333333332,41.34066666666667
2021-05-26,24.94,44.41,22.57133333333333,41.23633333333334
2021-05-27,24.51,40.69,22.645666666666667,41.18533333333333
2021-05-28,21.26,42.14,22.675666666666665,41.416666666666664
2021-05-29,21.88,39.59,22.69766666666667,41.358
2021-05-30,22.35,36.26,22.951999999999998,41.034
2021-05-31,20.55,35.0,23.064333333333334,40.876999999999995
2021-06-01,23.49,40.22,23.01066666666667,41.051
2021-06-02,19.1,37.83,22.878666666666664,41.14533333333334
2021-06-03,23.49,36.18,22.906,40.85666666666666
2021-06-04,25.96,40.26,23.086333333333336,40.773333333333326
2021-06-05,22.98,42.22,23.18166666666667,40.794333333333334
2021-06-06,22.28,35.12,23.185666666666666,40.64666666666667
2021-06-07,25.37,39.63,23.158333333333335,40.801
2021-06-08,22.98,40.02,23.149333333333335,40.968333333333334
2021-06-09,20.55,35.0,23.154333333333334,40.86633333333334
2021-06-10,20.83,37.44,23.227666666666668,40.78033333333334
2021-06-11,23.45,41.82,23.332,40.80233333333333
2021-06-12,23.33,43.94,23.390666666666668,40.73833333333334
2021-06-13,19.14,37.91,23.204,40.35966666666666
2021-06-14,19.1,41.86,23.057666666666666,40.173
2021-06-15,23.37,37.83,23.082333333333334,39.90933333333333
2021-06-16,18.75,39.55,22.967333333333332,39.80233333333334
2021-06-17,26.31,44.41,23.141000000000002,39.967
2021-06-18,23.84,35.0,23.104333333333333,39.809999999999995
2021-06-19,20.59,35.0,22.856333333333335,39.592999999999996
2021-06-20,18.04,40.45,22.813,39.589000000000006
2021-06-21,18.63,42.02,22.78033333333333,39.666000000000004
2021-06-22,21.84,41.67,22.547666666666665,39.572
2021-06-23,20.0,44.64,22.208000000000002,39.662
2021-06-24,22.43,44.02,22.044666666666668,39.73766666666667
2021-06-25,16.16,35.0,21.752000000000002,39.42399999999999
2021-06-26,21.73,46.64,21.659333333333336,39.62233333333334
2021-06-27,22.12,43.55,21.688,39.669333333333334
2021-06-28,11.07,43.82,21.327666666666666,39.81033333333334
2021-06-29,18.59,46.41,21.202333333333335,40.14866666666667
2021-06-30,18.95,42.37,21.149,40.394333333333336
2021-07-01,22.35,36.73,21.110999999999997,40.278000000000006
2021-07-02,25.25,35.0,21.316,40.18366666666667
2021-07-03,16.99,37.08,21.099333333333334,40.21366666666667
2021-07-04,21.3,37.59,20.944000000000003,40.12466666666667
2021-07-05,16.99,44.64,20.744333333333334,40.205333333333336
2021-07-06,26.7,46.13,20.891666666666666,40.572333333333326
2021-07-07,21.49,45.04,20.762333333333334,40.75266666666666
2021-07-08,20.9,45.7,20.692999999999998,40.942
2021-07-09,22.04,45.54,20.74266666666667,41.29333333333333
2021-07-10,20.28,42.61,20.724333333333334,41.46566666666667
2021-07-11,22.35,42.76,20.687666666666665,41.497
2021-07-12,22.31,42.61,20.653666666666666,41.452666666666666
2021-07-13,17.85,38.92,20.610666666666667,41.48633333333333
2021-07-14,18.87,35.0,20.603,41.257666666666665
2021-07-15,22.31,35.0,20.567666666666664,41.163333333333334
2021-07-16,23.69,42.88,20.732333333333333,41.27433333333333
2021-07-17,27.76,42.33,20.780666666666665,41.205000000000005
2021-07-18,24.39,40.77,20.799,41.397333333333336
2021-07-19,25.57,39.67,20.965,41.553000000000004
2021-07-20,22.2,41.24,21.103666666666665,41.57933333333334
2021-07-21,20.83,40.73,21.177000000000003,41.53633333333334
2021-07-22,20.2,43.35,21.122333333333334,41.592333333333336
2021-07-23,18.67,42.25,21.078,41.51266666666667
2021-07-24,21.57,43.12,21.04933333333333,41.48266666666667
2021-07-25,20.24,44.53,21.185333333333332,41.80033333333334
2021-07-26,22.16,43.47,21.199666666666666,41.69466666666666
2021-07-27,19.46,38.53,21.110999999999997,41.52733333333334
2021-07-28,17.93,36.85,21.33966666666667,41.294999999999995
2021-07-29,19.06,42.61,21.35533333333333,41.16833333333333
2021-07-30,22.82,42.41,21.484333333333336,41.169666666666664
2021-07-31,19.1,41.71,21.376,41.33566666666666
2021-08-01,21.06,35.67,21.236333333333334,41.358
2021-08-02,20.4,44.02,21.35,41.589333333333336
2021-08-03,18.87,35.75,21.269,41.528000000000006
2021-08-04,17.1,36.69,21.272666666666666,41.263
2021-08-05,13.46,42.33,20.831333333333337,41.13633333333334
2021-08-06,14.52,35.0,20.599,40.80166666666667
2021-08-07,23.18,35.0,20.675,40.44500000000001
2021-08-08,24.51,35.87,20.75733333333333,40.12266666666667
2021-08-09,22.75,35.0,20.839666666666666,39.869
2021-08-10,18.28,37.55,20.704,39.69533333333333
2021-08-11,17.46,35.0,20.542333333333332,39.44166666666667
2021-08-12,24.94,40.14,20.778666666666666,39.48233333333334
2021-08-13,24.51,38.26,20.966666666666665,39.591
2021-08-14,16.4,35.0,20.76966666666667,39.591
2021-08-15,16.05,39.75,20.515,39.486666666666665
2021-08-16,12.8,46.72,20.016333333333332,39.633
2021-08-17,21.84,40.18,19.931333333333335,39.61333333333334
2021-08-18,28.54,43.08,20.03033333333333,39.727
2021-08-19,27.45,45.11,20.205333333333336,39.855999999999995
2021-08-20,26.15,49.62,20.38266666666667,40.15233333333333
2021-08-21,27.37,42.02,20.62166666666667,40.108
2021-08-22,18.83,40.33,20.627,40.044
2021-08-23,23.53,42.06,20.692333333333337,40.00866666666666
2021-08-24,15.03,40.18,20.518666666666668,39.86366666666666
2021-08-25,16.52,40.06,20.330666666666666,39.75
2021-08-26,23.45,41.51,20.46366666666667,39.84933333333333
2021-08-27,23.57,46.68,20.651666666666664,40.177
2021-08-28,26.04,46.52,20.884333333333334,40.30733333333333
2021-08-29,25.49,41.35,20.973333333333333,40.272000000000006
2021-08-30,29.29,37.12,21.313,40.119
2021-08-31,24.82,39.98,21.438333333333333,40.26266666666666
2021-09-01,20.87,37.51,21.454,40.04566666666666
2021-09-02,17.73,39.32,21.416,40.16466666666666
2021-09-03,23.96,36.57,21.64466666666667,40.16066666666667
2021-09-04,23.25,39.83,21.971,40.07733333333333
2021-09-05,22.51,35.0,22.237333333333332,40.07733333333333
2021-09-06,21.3,39.43,22.174666666666667,40.225
2021-09-07,23.73,45.07,22.148666666666667,40.531666666666666
2021-09-08,20.43,40.1,22.07133333333333,40.70166666666667
2021-09-09,23.41,40.37,22.24233333333333,40.79566666666667
2021-09-10,23.57,37.75,22.446,40.88733333333334
2021-09-11,21.06,35.0,22.316666666666666,40.716
2021-09-12,23.57,35.0,22.28533333333333,40.60733333333334
2021-09-13,15.54,44.6,22.256666666666668,40.92733333333333
2021-09-14,21.3,42.41,22.43166666666667,41.016
2021-09-15,17.73,38.06,22.596,40.727333333333334
2021-09-16,22.59,48.33,22.621,40.998999999999995
2021-09-17,22.39,43.78,22.416,41.022333333333336
2021-09-18,21.77,44.33,22.226666666666667,40.99633333333334
2021-09-19,19.14,35.0,21.993,40.509
2021-09-20,23.69,35.87,21.870333333333335,40.303999999999995
2021-09-21,28.54,39.2,22.194000000000003,40.266333333333336
2021-09-22,20.12,46.01,22.080333333333332,40.398
2021-09-23,20.67,46.56,22.26833333333333,40.61066666666667
2021-09-24,23.76,35.0,22.509666666666664,40.442
2021-09-25,20.08,42.65,22.397333333333332,40.480000000000004
2021-09-26,21.41,42.1,22.325333333333333,40.32733333333333
2021-09-27,22.94,38.61,22.222,40.06366666666667
2021-09-28,21.06,41.35,22.074333333333335,40.06366666666666
2021-09-29,24.39,41.55,21.910999999999998,40.21133333333333
2021-09-30,28.0,42.65,22.017,40.300333333333334
2021-10-01,21.26,41.43,22.029999999999998,40.431000000000004
2021-10-02,20.47,40.69,22.121333333333332,40.47666666666667
2021-10-03,25.25,38.65,22.16433333333333,40.546
2021-10-04,31.17,37.4,22.428333333333335,40.465
2021-10-05,18.59,41.12,22.297666666666665,40.669
2021-10-06,17.85,35.0,22.182666666666666,40.52133333333333
2021-10-07,19.02,38.02,22.025666666666666,40.28633333333333
2021-10-08,20.08,41.47,22.014000000000003,40.332
2021-10-09,13.23,38.85,21.674666666666667,40.281333333333336
2021-10-10,18.08,36.97,21.491666666666667,40.255333333333326
2021-10-11,12.99,35.0,21.222666666666665,40.255333333333326
2021-10-12,20.87,43.55,21.13266666666667,40.540333333333336
2021-10-13,26.04,35.0,21.482666666666667,40.220333333333336
2021-10-14,24.55,36.06,21.591,40.00866666666666
2021-10-15,24.59,39.12,21.819666666666667,40.044
2021-10-16,17.54,36.03,21.651333333333334,39.634
2021-10-17,22.39,42.02,21.651333333333334,39.575333333333326
2021-10-18,25.45,39.83,21.774,39.425333333333334
2021-10-19,31.13,35.0,22.17366666666667,39.425333333333334
2021-10-20,24.74,35.0,22.208666666666666,39.39633333333334
2021-10-21,22.78,37.75,22.016666666666666,39.348
2021-10-22,24.98,41.55,22.17866666666667,39.199333333333335
2021-10-23,26.08,40.06,22.358999999999998,38.98266666666667
2021-10-24,21.02,43.98,22.26766666666667,39.282000000000004
2021-10-25,17.42,37.67,22.179,39.116
2021-10-26,17.65,35.0,22.05366666666667,38.879333333333335
2021-10-27,21.92,45.31,22.019666666666662,39.102666666666664
2021-10-28,22.86,38.85,22.079666666666665,39.01933333333333
2021-10-29,13.23,40.73,21.707666666666668,38.992
2021-10-30,15.93,41.98,21.305333333333337,38.96966666666666
2021-10-31,23.84,36.77,21.391333333333332,38.81433333333333
2021-11-01,19.65,43.82,21.364,38.918666666666674
2021-11-02,20.32,42.25,21.199666666666666,39.03866666666667
2021-11-03,21.57,39.9,20.879666666666665,39.12199999999999
2021-11-04,23.76,38.18,21.052000000000003,39.024
2021-11-05,20.12,35.2,21.127666666666666,39.03066666666667
2021-11-06,18.71,41.94,21.11733333333333,39.16133333333334
2021-11-07,20.75,46.41,21.139666666666663,39.326
2021-11-08,24.23,43.23,21.50633333333333,39.471999999999994
2021-11-09,27.84,35.0,21.831666666666667,39.406333333333336
2021-11-10,27.05,36.26,22.300333333333334,39.44833333333334
2021-11-11,24.59,45.27,22.424333333333333,39.50566666666666
2021-11-12,27.72,44.02,22.48033333333333,39.80633333333333
2021-11-13,23.29,45.62,22.438333333333333,40.125
2021-11-14,26.74,45.66,22.509999999999998,40.342999999999996
2021-11-15,28.74,42.37,22.883333333333333,40.55433333333334
2021-11-16,25.64,38.3,22.991666666666667,40.43033333333334
2021-11-17,19.81,39.51,22.80366666666667,40.419666666666664
2021-11-18,20.28,41.59,22.442,40.639333333333326
2021-11-19,21.81,40.77,22.34433333333333,40.83166666666667
2021-11-20,19.06,41.67,22.220333333333333,40.962333333333326
2021-11-21,25.21,44.06,22.227999999999998,41.04600000000001
2021-11-22,22.43,42.45,22.106333333333335,41.12566666666667
2021-11-23,23.33,43.63,22.183333333333334,41.114000000000004
2021-11-24,23.73,36.81,22.393666666666665,41.08533333333333
2021-11-25,26.94,49.34,22.703333333333333,41.563333333333325
2021-11-26,28.47,37.83,22.92166666666667,41.314
2021-11-27,22.63,40.37,22.914,41.36466666666667
2021-11-28,24.43,38.61,23.287333333333333,41.294000000000004
2021-11-29,27.52,41.08,23.673666666666666,41.264
2021-11-30,27.6,38.45,23.799,41.32000000000001
2021-12-01,24.31,35.0,23.954333333333334,41.025999999999996
2021-12-02,21.88,43.0,24.006333333333334,41.051
2021-12-03,19.69,51.66,23.943666666666665,41.443
2021-12-04,19.65,38.89,23.806666666666665,41.46666666666667
2021-12-05,22.51,41.27,23.88633333333333,41.669
2021-12-06,26.19,39.67,24.13566666666667,41.593333333333334
2021-12-07,23.37,37.4,24.223000000000003,41.293
2021-12-08,19.02,43.16,24.049333333333333,41.29066666666667
2021-12-09,24.59,38.73,23.941,41.415
2021-12-10,21.73,44.17,23.76366666666667,41.67866666666667
2021-12-11,30.46,41.27,23.959333333333333,41.54533333333334
2021-12-12,20.67,35.24,23.724333333333334,41.25266666666667
2021-12-13,19.93,36.46,23.612333333333332,40.94733333333333
2021-12-14,22.63,45.47,23.47533333333333,40.941
2021-12-15,17.3,46.68,23.094,41.084666666666664
2022-01-18,20.67,37.12,22.928333333333335,41.04533333333334
2022-01-19,26.11,35.0,23.138333333333332,40.895
2022-01-20,23.02,35.0,23.229666666666667,40.67533333333334
2022-01-21,28.74,35.0,23.46066666666667,40.483
2022-01-22,21.57,37.16,23.54433333333333,40.33266666666667
2022-01-23,16.48,35.0,23.253333333333334,40.03066666666667
2022-01-24,19.1,39.43,23.142333333333333,39.93
2022-01-25,16.48,35.0,22.914,39.64233333333333
2022-01-26,14.36,36.46,22.60166666666667,39.63066666666667
2022-01-27,16.16,42.53,22.24233333333333,39.40366666666667
2022-01-28,19.53,37.59,21.94433333333333,39.39566666666666
2022-01-29,23.57,38.85,21.975666666666665,39.345000000000006
2022-01-30,23.61,37.36,21.948333333333334,39.30333333333333
2022-01-31,19.3,40.18,21.674333333333333,39.27333333333333
2022-02-01,22.28,43.31,21.497,39.43533333333333
2022-02-02,19.81,40.1,21.346999999999998,39.60533333333333
2022-02-03,21.1,35.0,21.321,39.33866666666666
2022-02-04,16.48,35.0,21.214000000000002,38.78333333333333
2022-02-05,17.97,38.73,21.158,38.778
2022-02-06,19.02,39.32,21.041666666666668,38.713
2022-02-07,16.32,44.37,20.712666666666667,38.86966666666667
2022-02-08,24.74,43.74,20.758333333333333,39.081
2022-02-09,25.14,39.39,20.962333333333333,38.955333333333336
2022-02-10,23.25,39.32,20.917666666666666,38.975
2022-02-11,27.02,38.85,21.093999999999998,38.797666666666665
2022-02-12,20.51,35.0,20.762333333333334,38.58866666666666
2022-02-13,16.56,40.1,20.625333333333334,38.75066666666667
2022-02-14,16.2,48.21,20.500999999999998,39.14233333333333
2022-02-15,18.91,48.17,20.377000000000002,39.23233333333334
2022-02-16,25.53,37.63,20.651333333333334,38.93066666666667
2022-02-17,23.22,37.71,20.736333333333334,38.95033333333333
2022-02-18,19.65,35.48,20.521,38.96633333333333
2022-02-19,17.77,38.42,20.346,39.08033333333333
2022-02-20,20.47,39.32,20.070333333333334,39.224333333333334
2022-02-21,15.81,36.77,19.878333333333334,39.211333333333336
2022-02-22,19.61,44.25,19.982666666666667,39.51966666666667
2022-02-23,15.85,42.96,19.874333333333333,39.63733333333333
2022-02-24,20.43,38.89,20.005999999999997,39.767
2022-02-25,22.55,46.8,20.279,40.111666666666665
2022-02-26,22.51,41.59,20.490666666666666,40.080333333333336
2022-02-27,20.08,37.59,20.509,40.080333333333336
2022-02-28,19.02,35.0,20.357333333333333,39.952
2022-03-01,16.75,35.0,20.128666666666668,39.873333333333335
2022-03-02,20.79,43.82,20.178333333333335,39.99466666666667
2022-03-03,21.69,53.34,20.158666666666665,40.329
2022-03-04,22.12,43.82,20.235666666666663,40.453
2022-03-05,18.91,42.65,20.162666666666667,40.708000000000006
2022-03-06,25.61,35.0,20.467,40.708000000000006
2022-03-07,21.1,38.22,20.57133333333333,40.691
2022-03-08,22.63,41.71,20.691666666666666,40.77066666666666
2022-03-09,24.31,39.79,20.958000000000002,40.618
2022-03-10,22.78,41.43,20.892666666666667,40.541000000000004
2022-03-11,20.87,35.0,20.750333333333334,40.394666666666666
2022-03-12,19.53,35.0,20.62633333333333,40.25066666666667
2022-03-13,22.28,38.45,20.468333333333337,40.23733333333334
2022-03-14,30.23,35.16,20.792333333333332,40.24266666666667
2022-03-15,27.68,36.57,21.163,40.125
2022-03-16,22.47,36.93,21.372000000000003,39.749
2022-03-17,13.97,35.0,21.20733333333333,39.31000000000001
2022-03-18,17.07,45.0,20.925333333333334,39.55566666666667
2022-03-19,21.73,35.36,20.875666666666667,39.477333333333334
2022-03-20,23.65,35.0,21.009,39.46133333333333
2022-03-21,18.71,35.0,21.040333333333333,39.34733333333334
2022-03-22,19.38,38.53,21.004,39.321
2022-03-23,23.06,35.0,21.24566666666667,39.26199999999999
2022-03-24,17.22,35.91,21.166,38.984
2022-03-25,13.7,36.77,21.09433333333333,38.77766666666667
2022-03-26,20.28,46.25,21.089333333333336,39.023
2022-03-27,19.22,38.81,20.97833333333333,38.75666666666667
2022-03-28,21.45,37.32,20.942999999999998,38.61433333333333
2022-03-29,21.96,38.85,21.00566666666667,38.656333333333336
2022-03-30,23.96,35.87,21.17033333333333,38.68533333333333
2022-03-31,15.58,40.61,21.13133333333333,38.87233333333334
2022-04-01,17.38,37.75,21.017666666666667,38.67
2022-04-02,18.87,43.51,20.92366666666667,38.342333333333336
2022-04-03,16.52,41.12,20.737000000000002,38.25233333333333
2022-04-04,26.27,41.78,20.98233333333333,38.223333333333336
2022-04-05,25.37,41.31,20.97433333333333,38.43366666666667
2022-04-06,20.98,37.95,20.970333333333333,38.42466666666667
2022-04-07,19.53,35.75,20.867,38.226
2022-04-08,22.9,39.55,20.82,38.218
2022-04-09,25.29,40.02,20.903666666666666,38.17100000000001
2022-04-10,21.41,37.59,20.921666666666667,38.257333333333335
2022-04-11,18.32,41.86,20.881333333333334,38.486
2022-04-12,22.86,35.0,20.900666666666666,38.370999999999995
2022-04-13,26.51,36.34,20.776666666666667,38.410333333333334
2022-04-14,28.97,40.88,20.819666666666667,38.553999999999995
2022-04-15,22.78,45.78,20.83,38.849
2022-04-16,20.24,37.87,21.039,38.94466666666666
2022-04-17,24.63,38.89,21.291,38.741
2022-04-18,19.57,41.43,21.218999999999998,38.943333333333335
2022-04-19,12.64,44.96,20.851999999999997,39.275333333333336
2022-04-20,16.99,44.17,20.794666666666664,39.581
2022-04-21,20.04,38.14,20.816666666666666,39.568
2022-04-22,19.61,35.0,20.701666666666664,39.568
2022-04-23,19.73,39.28,20.78533333333333,39.68033333333333
2022-04-24,19.81,37.75,20.988999999999997,39.712999999999994
2022-04-25,23.1,35.0,21.083000000000002,39.337999999999994
2022-04-26,19.42,40.8,21.089666666666666,39.404333333333334
2022-04-27,25.84,40.96,21.236,39.525666666666666
2022-04-28,21.69,35.0,21.226999999999997,39.39733333333333
2022-04-29,23.96,35.0,21.227,39.36833333333333
2022-04-30,23.61,40.53,21.494666666666667,39.36566666666667
2022-05-01,22.71,40.06,21.672333333333334,39.44266666666667
2022-05-02,25.96,43.23,21.908666666666665,39.43333333333333
2022-05-03,22.82,43.04,22.11866666666667,39.49733333333334
2022-05-04,22.24,40.73,21.984333333333336,39.46233333333334
2022-05-05,19.18,35.0,21.778000000000002,39.251999999999995
2022-05-06,14.6,35.0,21.565333333333335,39.15366666666667
2022-05-07,19.57,39.75,21.566666666666666,39.287000000000006
2022-05-08,19.14,35.0,21.441333333333333,39.13533333333333
2022-05-09,18.95,35.01,21.23,38.968333333333334
2022-05-10,17.18,42.29,21.089000000000002,39.125
2022-05-11,26.0,35.0,21.345000000000002,38.89633333333334
2022-05-12,20.87,38.85,21.278666666666666,39.02466666666667
2022-05-13,21.1,47.93,21.098333333333333,39.410999999999994
2022-05-14,16.44,35.0,20.680666666666664,39.215
2022-05-15,15.93,40.3,20.452333333333332,39.032333333333334
2022-05-16,21.65,48.56,20.499333333333333,39.38866666666667
2022-05-17,20.51,36.53,20.362000000000002,39.309999999999995
2022-05-18,19.89,40.18,20.372666666666667,39.26833333333333
2022-05-19,24.82,44.53,20.778666666666666,39.254000000000005
2022-05-20,20.94,35.28,20.910333333333334,38.95766666666667
2022-05-21,22.04,35.09,20.976999999999997,38.856
2022-05-22,19.93,36.1,20.98766666666667,38.89266666666666
2022-05-23,18.48,35.0,20.946,38.75
2022-05-24,21.92,40.26,21.016333333333332,38.833666666666666
2022-05-25,19.81,42.1,20.906666666666663,39.07033333333334
2022-05-26,23.76,40.57,21.051333333333332,39.062666666666665
2022-05-27,19.96,47.23,20.85533333333333,39.27166666666667
2022-05-28,16.79,43.9,20.692,39.56833333333334
2022-05-29,18.36,47.7,20.505333333333333,39.99166666666667
2022-05-30,21.53,41.47,20.435999999999996,40.022999999999996
2022-05-31,22.67,41.59,20.434666666666665,40.074
2022-06-01,21.26,45.11,20.278000000000002,40.13666666666666
2022-06-02,19.1,44.68,20.154,40.19133333333333
2022-06-03,16.32,35.0,19.956666666666663,40.00033333333333
2022-06-04,18.87,35.12,19.94633333333333,40.00433333333333
2022-06-05,22.0,37.67,20.192999999999998,40.093333333333334
2022-06-06,20.71,35.28,20.231,39.94433333333333
2022-06-07,16.79,47.03,20.152666666666665,40.34533333333333
2022-06-08,16.71,48.52,20.078,40.79566666666666
2022-06-09,19.73,41.24,20.163,40.760666666666665
2022-06-10,24.16,41.04,20.101666666666667,40.962
2022-06-11,20.83,41.71,20.10033333333333,41.05733333333333
2022-06-12,13.46,35.0,19.845666666666666,40.626333333333335
2022-06-13,20.55,35.0,19.982666666666667,40.626333333333335
2022-06-14,23.33,35.0,20.229333333333333,40.449666666666666
2022-06-15,20.59,35.44,20.194,40.01233333333333
2022-06-16,24.2,36.06,20.317,39.99666666666666
2022-06-17,20.08,35.0,20.32333333333333,39.824
2022-06-18,24.16,38.02,20.301333333333336,39.60699999999999
2022-06-19,16.99,35.0,20.169666666666668,39.59766666666666
2022-06-20,16.32,36.38,19.979,39.64066666666667
2022-06-21,14.01,35.0,19.781666666666663,39.604000000000006
2022-06-22,17.69,35.16,19.755333333333336,39.60933333333334
2022-06-23,19.96,37.55,19.689999999999998,39.519000000000005
2022-06-24,21.26,37.16,19.738333333333337,39.35433333333333
2022-06-25,23.22,39.32,19.720333333333333,39.31266666666667
2022-06-26,20.24,35.0,19.729666666666667,38.905
2022-06-27,22.71,35.0,19.927000000000003,38.608333333333334
2022-06-28,16.28,35.0,19.857666666666667,38.18500000000001
2022-06-29,16.48,35.0,19.689333333333334,37.96933333333334
2022-06-30,28.19,35.0,19.873333333333335,37.74966666666667
2022-07-01,24.2,37.63,19.971333333333334,37.50033333333333
2022-07-02,23.73,36.5,20.125666666666667,37.227666666666664
2022-07-03,21.65,36.42,20.303333333333335,37.275
2022-07-04,24.9,40.92,20.50433333333333,37.46833333333334
2022-07-05,26.11,35.0,20.641333333333332,37.379333333333335
2022-07-06,19.42,41.31,20.598333333333336,37.580333333333336
2022-07-07,22.08,41.82,20.77466666666667,37.406666666666666
2022-07-08,23.14,45.11,20.988999999999997,37.293000000000006
2022-07-09,16.09,43.35,20.867666666666665,37.36333333333334
2022-07-10,20.71,42.33,20.752666666666666,37.406333333333336
2022-07-11,24.35,35.0,20.87,37.18266666666667
2022-07-12,19.69,35.0,21.07766666666667,37.18266666666667
2022-07-13,21.84,35.32,21.12066666666667,37.19333333333334
2022-07-14,16.71,36.93,20.9,37.257666666666665
2022-07-15,23.61,38.1,21.000666666666667,37.346333333333334
2022-07-16,21.88,37.24,20.923333333333332,37.38566666666667
2022-07-17,20.79,38.77,20.947000000000003,37.51133333333334
2022-07-18,22.71,43.19,20.898666666666664,37.683666666666674
2022-07-19,20.32,38.42,21.009666666666664,37.79766666666667
2022-07-20,26.19,35.0,21.338666666666665,37.751666666666665
2022-07-21,25.49,35.0,21.721333333333334,37.751666666666665
2022-07-22,23.41,38.45,21.912,37.86133333333333
2022-07-23,20.51,37.87,21.930333333333337,37.87199999999999
2022-07-24,21.02,43.08,21.92233333333333,38.06933333333334
2022-07-25,22.98,42.1,21.914333333333335,38.162
2022-07-26,14.4,40.41,21.71966666666667,38.342333333333336
2022-07-27,26.08,39.55,21.832,38.494
2022-07-28,18.67,39.36,21.91166666666667,38.639333333333326
2022-07-29,16.2,35.48,21.902333333333335,38.65533333333333
2022-07-30,25.76,36.61,21.821333333333335,38.708999999999996
2022-07-31,17.69,35.0,21.604333333333333,38.62133333333334
2022-08-01,24.35,35.0,21.625,38.571333333333335
2022-08-02,21.65,36.03,21.625,38.55833333333333
2022-08-03,19.06,37.71,21.430333333333337,38.45133333333333
2022-08-04,13.77,37.08,21.019000000000002,38.52066666666666
2022-08-05,25.88,35.0,21.234333333333332,38.31033333333333
2022-08-06,20.36,42.37,21.177000000000003,38.32866666666667
2022-08-07,12.64,35.0,20.827,37.99166666666667
2022-08-08,23.57,37.32,21.07633333333333,37.79066666666667
2022-08-09,21.77,36.26,21.111666666666668,37.58833333333334
2022-08-10,13.46,35.0,20.748666666666665,37.58833333333334
2022-08-11,17.54,37.83,20.677000000000003,37.68266666666667
2022-08-12,17.14,35.0,20.520333333333333,37.672
2022-08-13,18.32,35.0,20.574,37.60766666666667
2022-08-14,18.75,35.0,20.412,37.50433333333333
2022-08-15,19.96,38.96,20.348000000000003,37.56166666666666
2022-08-16,13.19,38.38,20.094666666666665,37.54866666666667
2022-08-17,20.0,35.0,20.00433333333333,37.275666666666666
2022-08-18,18.32,35.0,19.937666666666665,37.16166666666667
2022-08-19,15.58,44.1,19.584000000000003,37.465
2022-08-20,17.81,39.51,19.328,37.61533333333333
2022-08-21,17.57,37.75,19.133333333333333,37.592
2022-08-22,12.4,37.4,18.863,37.57633333333334
2022-08-23,18.71,39.98,18.786,37.47299999999999
2022-08-24,22.39,42.1,18.766333333333332,37.473
2022-08-25,20.08,44.41,18.955666666666666,37.60633333333333
2022-08-26,19.73,35.0,18.743999999999996,37.45466666666666
2022-08-27,17.97,35.0,18.720666666666666,37.30933333333334
2022-08-28,18.28,39.08,18.79,37.42933333333334
2022-08-29,24.47,37.36,18.747,37.45433333333333
2022-08-30,16.71,39.04,18.714333333333336,37.58899999999999
2022-08-31,19.89,37.63,18.56566666666667,37.67666666666666
2022-09-01,19.14,42.02,18.482000000000003,37.876333333333335
2022-09-02,21.77,39.39,18.572333333333333,37.93233333333333
2022-09-03,22.04,40.88,18.848,38.059
2022-09-04,15.89,37.98,18.514999999999997,38.15833333333333
2022-09-05,15.11,35.0,18.339999999999996,37.91266666666666
2022-09-06,18.04,35.0,18.52,37.91266666666666
2022-09-07,18.87,35.0,18.363333333333337,37.83533333333333
2022-09-08,20.83,37.59,18.331999999999997,37.879666666666665
2022-09-09,16.52,36.1,18.434,37.916333333333334
2022-09-10,18.59,38.02,18.468999999999998,37.92266666666667
2022-09-11,21.34,39.04,18.608999999999998,38.05733333333333
2022-09-12,20.04,39.94,18.666333333333334,38.222
2022-09-13,16.44,35.0,18.589333333333336,38.222
2022-09-14,21.69,36.06,18.647,38.12533333333333
2022-09-15,15.26,35.0,18.716,38.01266666666666
2022-09-16,19.85,35.48,18.711000000000002,38.028666666666666
2022-09-17,15.58,35.0,18.619666666666667,38.028666666666666
2022-09-18,18.44,35.0,18.714999999999996,37.72533333333333
2022-09-19,20.87,41.2,18.817,37.781666666666666
2022-09-20,18.08,42.29,18.834,37.933
2022-09-21,22.59,35.0,19.17366666666667,37.852999999999994
2022-09-22,16.6,36.03,19.10333333333333,37.721333333333334
2022-09-23,19.73,45.7,19.014666666666663,37.84133333333333
2022-09-24,18.01,43.04,18.945666666666668,37.79566666666666
2022-09-25,17.38,35.0,18.86733333333333,37.79566666666666
2022-09-26,16.91,39.55,18.832,37.947333333333326
2022-09-27,24.63,35.0,19.04366666666667,37.81133333333333
2022-09-28,15.03,38.45,18.729,37.84766666666667
2022-09-29,20.2,35.0,18.84533333333333,37.713
2022-09-30,20.2,35.0,18.855666666666664,37.62533333333333
2022-10-01,16.2,47.58,18.75766666666667,37.81066666666666
2022-10-02,18.51,42.22,18.649,37.904999999999994
2022-10-03,20.79,35.0,18.607333333333333,37.708999999999996
2022-10-04,25.84,39.51,18.939000000000004,37.76
2022-10-05,31.95,48.64,19.500333333333334,38.214666666666666
2022-10-06,21.69,35.24,19.622,38.22266666666667
2022-10-07,19.93,38.77,19.65733333333333,38.348333333333336
2022-10-08,16.24,37.12,19.50433333333333,38.33266666666667
2022-10-09,14.91,45.27,19.45066666666667,38.63833333333333
2022-10-10,16.75,42.61,19.389333333333337,38.791333333333334
2022-10-11,12.05,38.3,19.079666666666665,38.766666666666666
2022-10-12,20.98,35.32,19.111,38.61266666666666
2022-10-13,23.92,39.47,19.360333333333333,38.76166666666666
2022-10-14,14.87,35.0,19.133,38.72633333333333
2022-10-15,14.91,43.12,19.121333333333332,38.997
2022-10-16,21.1,36.53,19.163,39.032000000000004
2022-10-17,24.47,43.0,19.459333333333333,39.29866666666667
2022-10-18,24.78,41.04,19.670666666666666,39.5
2022-10-19,18.51,39.12,19.592,39.43066666666666
2022-10-20,18.16,40.61,19.59466666666667,39.37466666666667
2022-10-21,18.04,35.71,19.442999999999998,39.39833333333333
2022-10-22,20.2,35.71,19.563000000000002,39.38766666666667
2022-10-23,22.86,37.04,19.667333333333332,39.099000000000004
2022-10-24,20.16,35.0,19.739,38.831
2022-10-25,19.85,36.1,19.821333333333335,38.867666666666665
2022-10-26,17.61,42.1,19.844666666666665,38.95266666666667
2022-10-27,25.49,42.96,19.87333333333333,39.217999999999996
2022-10-28,27.84,41.04,20.300333333333334,39.30433333333334
2022-10-29,22.51,45.47,20.377333333333333,39.65333333333333
2022-10-30,22.28,45.78,20.446666666666665,40.01266666666667
2022-10-31,15.03,39.9,20.407666666666668,39.75666666666667
2022-11-01,18.24,40.8,20.398666666666667,39.70933333333333
2022-11-02,16.09,38.06,20.242,39.81133333333334
2022-11-03,12.91,35.0,19.810999999999996,39.66100000000001
2022-11-04,18.79,35.0,19.372333333333337,39.20633333333333
2022-11-05,20.83,35.09,19.343666666666664,39.20133333333333
2022-11-06,25.41,42.65,19.526333333333337,39.330666666666666
2022-11-07,22.59,39.75,19.738,39.41833333333334
2022-11-08,24.82,37.28,20.06833333333333,39.15200000000001
2022-11-09,21.53,37.48,20.227666666666664,38.981
2022-11-10,23.65,39.63,20.61433333333333,39.025333333333336
2022-11-11,19.06,39.24,20.550333333333334,39.156
2022-11-12,19.22,40.3,20.393666666666668,39.18366666666667
2022-11-13,25.14,35.0,20.736,39.18366666666667
2022-11-14,22.2,40.8,20.979,39.106333333333325
2022-11-15,19.53,39.55,20.92666666666667,39.207
2022-11-16,19.22,41.67,20.751666666666665,39.16266666666666
2022-11-17,20.32,35.0,20.603,38.96133333333333
2022-11-18,19.14,36.26,20.624000000000002,38.866
2022-11-19,20.9,40.69,20.71533333333333,38.86866666666666
2022-11-20,12.95,35.0,20.545666666666666,38.845
2022-11-21,23.02,36.73,20.639666666666663,38.879
2022-11-22,21.22,35.0,20.585,38.811
2022-11-23,19.1,39.79,20.549666666666667,38.970666666666666
2022-11-24,19.42,35.16,20.535333333333334,38.93933333333334
2022-11-25,21.06,35.0,20.650333333333332,38.702666666666666
2022-11-26,27.76,44.06,20.726,38.739333333333335
2022-11-27,23.02,35.36,20.565333333333335,38.54999999999999
2022-11-28,22.71,35.0,20.572,38.201
2022-11-29,27.25,35.0,20.737666666666666,37.84166666666666
2022-11-30,21.65,36.03,20.958333333333332,37.71266666666667
2022-12-01,20.79,35.0,21.043333333333333,37.519333333333336
2022-12-02,21.34,35.0,21.218333333333337,37.41733333333333
2022-12-03,14.21,38.06,21.261666666666667,37.51933333333333
2022-12-04,13.93,41.47,21.099666666666668,37.735
2022-12-05,22.39,35.0,21.151666666666667,37.732
2022-12-06,18.01,35.12,20.904999999999998,37.480999999999995
2022-12-07,18.16,39.9,20.757333333333335,37.486
2022-12-08,25.53,40.8,20.781,37.60333333333333
2022-12-09,23.84,42.25,20.858,37.76233333333333
2022-12-10,24.2,45.35,20.876333333333335,37.952999999999996
2022-12-11,19.69,35.0,20.897333333333332,37.81166666666666
2022-12-12,22.2,35.99,20.996666666666666,37.668
2022-12-13,19.73,35.0,20.816333333333333,37.668
2022-12-14,13.93,39.71,20.540666666666667,37.63166666666667
2022-12-15,15.93,47.86,20.420666666666666,37.90866666666667
2023-01-18,17.3,48.72,20.35666666666667,38.14366666666667
2023-01-19,21.84,51.54,20.407333333333334,38.69500000000001
2023-01-20,20.9,41.98,20.466,38.88566666666667
2023-01-21,23.25,36.65,20.544333333333334,38.751
2023-01-22,18.36,35.0,20.724666666666668,38.751
2023-01-23,19.69,38.02,20.613666666666667,38.794
2023-01-24,22.28,45.15,20.649,39.132333333333335
2023-01-25,23.88,48.84,20.808333333333334,39.434
2023-01-26,22.63,43.55,20.915333333333333,39.71366666666666
2023-01-27,19.18,45.58,20.852666666666668,40.06633333333333
2023-01-28,14.72,47.93,20.418,40.19533333333333
2023-01-29,18.55,44.02,20.269,40.48400000000001
2023-01-30,23.25,48.21,20.287,40.92433333333334
2023-01-31,21.92,44.57,20.109333333333336,41.24333333333334
2023-02-01,23.37,39.67,20.166666666666668,41.36466666666666
2023-02-02,22.51,36.26,20.224,41.40666666666666
2023-02-03,18.67,35.99,20.134999999999998,41.43966666666666
2023-02-04,25.14,38.49,20.499333333333333,41.45399999999999
2023-02-05,26.74,41.24,20.926333333333332,41.44633333333333
2023-02-06,19.85,35.0,20.841666666666665,41.44633333333333
2023-02-07,22.08,35.0,20.977333333333334,41.44233333333333
2023-02-08,25.68,38.14,21.228,41.38366666666666
2023-02-09,21.3,43.98,21.087,41.48966666666667
2023-02-10,20.32,36.42,20.96966666666667,41.29533333333333
2023-02-11,18.04,45.07,20.764333333333333,41.28600000000001
2023-02-12,17.61,45.86,20.695,41.648
2023-02-13,27.68,43.66,20.877666666666666,41.90366666666667
2023-02-14,30.11,44.02,21.223666666666663,42.20433333333334
2023-02-15,20.08,43.78,21.42866666666667,42.34
2023-02-16,22.78,35.0,21.656999999999996,41.91133333333333
2023-02-17,13.81,41.08,21.540666666666667,41.65666666666666
2023-02-18,24.82,35.87,21.639999999999997,41.13433333333333
2023-02-19,26.08,39.83,21.812666666666665,41.062666666666665
2023-02-20,17.34,42.02,21.615666666666666,41.24166666666667
2023-02-21,19.42,40.84,21.651,41.43633333333334
2023-02-22,29.44,35.0,21.976000000000003,41.335666666666675
2023-02-23,26.55,39.86,22.118333333333332,41.15933333333333
2023-02-24,16.95,36.26,21.887333333333334,40.74
2023-02-25,24.86,41.08,21.961666666666662,40.657666666666664
2023-02-26,21.18,42.49,22.028333333333332,40.55466666666666
2023-02-27,24.08,39.86,22.340333333333334,40.28566666666667
2023-02-28,26.0,41.31,22.58866666666667,40.19533333333333
2023-03-01,27.17,39.16,22.719333333333335,39.893666666666675
2023-03-02,30.19,39.28,22.994999999999997,39.717333333333336
2023-03-03,26.47,46.21,23.098333333333333,39.93533333333334
2023-03-04,19.14,40.84,22.985999999999997,40.088
2023-03-05,19.38,38.73,23.009666666666664,40.17933333333334
2023-03-06,14.72,40.37,22.662333333333333,40.242
2023-03-07,23.53,40.53,22.555333333333333,40.218333333333334
2023-03-08,20.67,45.43,22.582666666666668,40.566
2023-03-09,19.34,38.26,22.49133333333333,40.67466666666667
2023-03-10,19.69,35.0,22.291666666666668,40.57
2023-03-11,22.2,38.85,22.32166666666667,40.399
2023-03-12,20.63,42.25,22.332,40.59333333333334
2023-03-13,22.12,45.86,22.468000000000004,40.61966666666667
2023-03-14,21.18,38.69,22.587,40.38066666666667
2023-03-15,18.59,35.0,22.284,40.092
2023-03-16,19.22,37.63,21.921000000000003,39.879
2023-03-17,24.74,35.09,22.07633333333333,39.589333333333336
2023-03-18,23.22,37.28,22.091,39.665333333333336
2023-03-19,28.5,37.28,22.580666666666666,39.53866666666667
2023-03-20,19.1,44.29,22.39,39.81933333333333
2023-03-21,22.24,44.45,22.262,39.973333333333336
2023-03-22,28.43,42.72,22.631666666666664,39.99666666666667
2023-03-23,24.63,45.78,22.805333333333333,40.16133333333333
2023-03-24,18.44,43.39,22.438666666666666,40.441
2023-03-25,16.52,43.16,22.104333333333333,40.551
2023-03-26,14.99,39.59,22.038999999999998,40.662000000000006
2023-03-27,23.65,38.45,21.998666666666665,40.574333333333335
2023-03-28,25.25,40.88,22.134333333333334,40.52066666666667
2023-03-29,20.12,40.61,22.002333333333333,40.54566666666666
2023-03-30,16.09,39.24,21.672,40.47666666666667
2023-03-31,11.31,35.95,21.14333333333333,40.36966666666667
2023-04-01,20.4,36.85,20.817,40.288666666666664
2023-04-02,13.34,36.85,20.37933333333333,39.97666666666667
2023-04-03,18.55,42.41,20.35966666666667,40.028999999999996
2023-04-04,22.08,43.82,20.449666666666666,40.19866666666667
2023-04-05,28.82,44.02,20.919666666666668,40.32033333333334
2023-04-06,22.12,40.41,20.872666666666667,40.31633333333334
2023-04-07,24.04,49.7,20.985,40.458666666666666
2023-04-08,16.75,36.69,20.898666666666667,40.406333333333336
2023-04-09,21.92,41.71,20.973,40.63
2023-04-10,20.67,47.15,20.922,40.90666666666666
2023-04-11,22.55,48.05,20.985999999999997,41.1
2023-04-12,24.43,40.92,21.063,40.93533333333333
2023-04-13,26.55,37.91,21.242,40.90933333333333
2023-04-14,22.86,42.53,21.384333333333334,41.160333333333334
2023-04-15,21.92,39.24,21.47433333333333,41.214000000000006
2023-04-16,17.46,35.0,21.23166666666667,41.211
2023-04-17,23.69,43.59,21.247333333333337,41.42133333333333
2023-04-18,21.61,36.73,21.017666666666667,41.403
2023-04-19,21.77,39.67,21.10666666666667,41.249
2023-04-20,28.5,37.71,21.315333333333335,41.02433333333333
2023-04-21,20.59,39.67,21.054,40.92266666666667
2023-04-22,24.12,46.52,21.037,40.94733333333333
2023-04-23,25.17,36.06,21.261333333333333,40.703
2023-04-24,24.23,41.08,21.51833333333333,40.63366666666666
2023-04-25,17.03,39.28,21.586333333333336,40.623333333333335
2023-04-26,21.18,38.96,21.504,40.64033333333334
2023-04-27,19.96,41.27,21.32766666666667,40.65333333333333
2023-04-28,19.77,39.86,21.316,40.62833333333334
2023-04-29,12.4,40.53,21.192999999999998,40.67133333333334
2023-04-30,20.83,43.51,21.510333333333335,40.92333333333333
2023-05-01,25.64,35.99,21.685000000000002,40.89466666666667
2023-05-02,19.57,35.0,21.89266666666667,40.833
2023-05-03,12.68,35.56,21.697,40.60466666666666
2023-05-04,21.22,35.0,21.668333333333337,40.31066666666666
2023-05-05,18.12,36.65,21.311666666666667,40.065000000000005
2023-05-06,19.61,43.08,21.228,40.153999999999996
2023-05-07,23.8,37.83,21.220000000000002,39.75833333333333
2023-05-08,22.78,35.0,21.421,39.702
2023-05-09,18.59,35.67,21.310000000000002,39.50066666666667
2023-05-10,21.77,36.85,21.346666666666668,39.15733333333333
2023-05-11,21.73,35.0,21.319333333333336,38.72233333333333
2023-05-12,18.67,35.0,21.127333333333333,38.525
2023-05-13,19.65,35.0,20.897333333333336,38.428
2023-05-14,21.53,35.09,20.853,38.18
2023-05-15,20.79,36.73,20.815333333333335,38.096333333333334
2023-05-16,21.06,45.23,20.935333333333336,38.437333333333335
2023-05-17,21.41,48.33,20.859333333333332,38.595333333333336
2023-05-18,17.5,45.19,20.722333333333335,38.87733333333334
2023-05-19,18.83,41.59,20.62433333333333,38.94133333333333
2023-05-20,33.44,38.06,20.788999999999998,38.952999999999996
2023-05-21,24.43,35.0,20.916999999999998,38.79733333333333
2023-05-22,17.61,35.0,20.7,38.41333333333333
2023-05-23,24.16,36.3,20.666333333333334,38.42133333333333
2023-05-24,24.12,38.34,20.662666666666667,38.330000000000005
2023-05-25,22.75,42.53,20.853333333333335,38.43833333333334
2023-05-26,18.4,40.37,20.76066666666667,38.48533333333333
2023-05-27,19.89,45.74,20.758333333333333,38.63433333333333
2023-05-28,23.06,39.83,20.868,38.63333333333333
2023-05-29,21.18,37.28,21.160666666666668,38.525
2023-05-30,15.07,40.45,20.968666666666664,38.423
2023-05-31,17.97,42.25,20.713,38.63166666666667
2023-06-01,22.43,45.58,20.808333333333334,38.98433333333333
2023-06-02,26.39,36.46,21.265333333333334,39.01433333333333
2023-06-03,20.63,43.82,21.24566666666667,39.30833333333333
2023-06-04,23.88,43.47,21.437666666666665,39.535666666666664
2023-06-05,19.34,35.0,21.428666666666665,39.266333333333336
2023-06-06,31.29,35.0,21.678333333333335,39.172000000000004
2023-06-07,24.86,39.55,21.747666666666667,39.32366666666667
2023-06-08,21.84,35.0,21.855999999999998,39.30133333333333
2023-06-09,26.19,38.53,22.003333333333334,39.35733333333334
2023-06-10,29.25,51.62,22.254,39.91133333333334
2023-06-11,23.92,49.23,22.429,40.38566666666667
2023-06-12,20.79,41.51,22.467,40.60266666666667
2023-06-13,20.67,35.2,22.438333333333333,40.60633333333333
2023-06-14,24.86,35.75,22.574,40.57366666666667
2023-06-15,21.81,41.39,22.598999999999997,40.44566666666666
2023-06-16,20.83,44.8,22.579666666666665,40.327999999999996
2023-06-17,20.83,37.16,22.69066666666667,40.06033333333333
2023-06-18,21.1,44.57,22.766333333333332,40.159666666666666
2023-06-19,17.93,35.0,22.249333333333333,40.05766666666667
2023-06-20,16.63,35.0,21.989333333333335,40.05766666666667
2023-06-21,22.39,36.22,22.148666666666667,40.098333333333336
2023-06-22,27.33,45.15,22.25433333333333,40.39333333333334
2023-06-23,20.47,45.07,22.132666666666662,40.617666666666665
2023-06-24,25.37,45.54,22.219999999999995,40.717999999999996
2023-06-25,19.61,44.68,22.26033333333333,40.86166666666667
2023-06-26,24.2,40.49,22.404,40.686666666666675
2023-06-27,21.18,45.51,22.341333333333335,40.876
2023-06-28,20.9,42.1,22.331999999999997,41.03666666666666
2023-06-29,25.96,35.0,22.695,40.855
2023-06-30,30.15,42.41,23.101,40.86033333333333
2023-07-01,20.2,45.27,23.026666666666664,40.85
2023-07-02,12.83,49.89,22.574666666666662,41.297666666666665
2023-07-03,18.16,52.64,22.49233333333333,41.59166666666667
2023-07-04,24.67,53.38,22.518666666666665,41.922000000000004
2023-07-05,23.8,39.36,22.667333333333335,42.06733333333333
2023-07-06,23.88,42.45,22.420333333333335,42.315666666666665
2023-07-07,27.05,44.84,22.493333333333332,42.492
2023-07-08,18.83,39.24,22.393000000000004,42.63333333333333
2023-07-09,27.21,36.38,22.427,42.561666666666675
2023-07-10,27.84,40.92,22.38,42.205
2023-07-11,26.11,37.08,22.453,41.8
2023-07-12,17.46,35.0,22.342,41.583
2023-07-13,18.83,37.4,22.280666666666665,41.65633333333333
2023-07-14,18.71,43.16,22.075666666666667,41.90333333333333
2023-07-15,16.13,43.47,21.886333333333333,41.97266666666667
2023-07-16,26.94,38.92,22.089999999999996,41.77666666666667
2023-07-17,31.25,43.66,22.43733333333333,41.99333333333333
2023-07-18,27.72,42.69,22.658,41.93066666666667
2023-07-19,25.17,41.08,22.899333333333335,42.13333333333333
2023-07-20,21.37,43.9,23.057333333333336,42.43
2023-07-21,18.24,39.08,22.918999999999997,42.525333333333336
2023-07-22,24.51,43.51,22.825,42.470666666666666
2023-07-23,23.84,42.92,22.937333333333335,42.399
2023-07-24,16.99,40.53,22.658,42.232
2023-07-25,21.06,38.89,22.706333333333337,42.039
2023-07-26,18.99,35.0,22.532666666666668,41.855999999999995
2023-07-27,23.18,37.24,22.599333333333334,41.58033333333333
2023-07-28,23.29,41.9,22.679,41.57366666666667
2023-07-29,18.08,39.55,22.416333333333334,41.72533333333333
2023-07-30,22.67,42.41,22.166999999999998,41.72533333333333
2023-07-31,22.39,35.0,22.24,41.383
2023-08-01,26.74,35.0,22.703666666666667,40.88666666666666
2023-08-02,21.84,40.69,22.82633333333333,40.48833333333334
2023-08-03,14.68,37.44,22.493333333333332,39.956999999999994
2023-08-04,21.88,35.0,22.42933333333333,39.81166666666666
2023-08-05,19.46,40.3,22.281999999999996,39.74
2023-08-06,26.27,44.68,22.255999999999997,39.73466666666666
2023-08-07,27.72,36.1,22.55233333333333,39.63
2023-08-08,21.49,35.0,22.361666666666668,39.583999999999996
2023-08-09,28.58,35.83,22.386333333333333,39.41433333333334
2023-08-10,25.17,35.0,22.355,39.345
2023-08-11,20.79,35.0,22.465999999999998,39.345
2023-08-12,17.38,39.79,22.417666666666666,39.42466666666667
2023-08-13,17.89,46.21,22.39033333333333,39.52633333333333
2023-08-14,24.12,37.83,22.656666666666663,39.33833333333333
2023-08-15,25.88,45.39,22.621333333333332,39.554
2023-08-16,22.16,47.35,22.318333333333335,39.677
2023-08-17,22.2,46.84,22.134333333333334,39.815333333333335
2023-08-18,22.82,49.74,22.055999999999997,40.104000000000006
2023-08-19,23.65,44.68,22.131999999999998,40.129999999999995
2023-08-20,23.45,44.49,22.30566666666667,40.31033333333333
2023-08-21,19.46,38.81,22.13733333333333,40.15366666666667
2023-08-22,19.81,39.2,22.003,40.029666666666664
2023-08-23,16.09,43.7,21.973000000000003,40.13533333333333
2023-08-24,23.69,40.26,22.060666666666666,40.181000000000004
2023-08-25,24.27,37.98,22.236666666666665,40.28033333333333
2023-08-26,24.98,43.59,22.296666666666667,40.492000000000004
2023-08-27,20.32,39.39,22.19766666666667,40.40833333333333
2023-08-28,19.02,38.53,22.229,40.37433333333333
2023-08-29,22.75,35.0,22.23166666666667,40.12733333333333
2023-08-30,25.06,40.84,22.320666666666668,40.322
2023-08-31,21.81,35.63,22.156333333333336,40.342999999999996
2023-09-01,26.43,37.75,22.30933333333333,40.245
2023-09-02,19.57,40.92,22.472333333333335,40.361000000000004
2023-09-03,18.28,42.8,22.35233333333333,40.621
2023-09-04,16.95,46.21,22.268666666666668,40.818
2023-09-05,19.85,45.66,22.054666666666666,40.85066666666667
2023-09-06,16.71,41.55,21.687666666666665,41.032333333333334
2023-09-07,14.79,35.99,21.464333333333332,41.065333333333335
2023-09-08,21.18,40.41,21.217666666666666,41.217999999999996
2023-09-09,19.93,44.72,21.043,41.542
2023-09-10,19.22,36.73,20.990666666666666,41.599666666666664
2023-09-11,16.87,41.0,20.973666666666666,41.64
2023-09-12,16.36,41.2,20.922666666666668,41.473
2023-09-13,29.01,45.31,21.08566666666667,41.72233333333334
2023-09-14,17.57,38.34,20.80866666666667,41.48733333333333
2023-09-15,21.49,37.2,20.78633333333333,41.149
2023-09-16,25.53,42.06,20.897333333333336,40.98966666666667
2023-09-17,28.78,43.23,21.096,40.77266666666666
2023-09-18,27.56,35.0,21.226333333333333,40.45
2023-09-19,26.55,35.0,21.329666666666665,40.13366666666666
2023-09-20,25.76,35.01,21.53966666666667,40.00699999999999
2023-09-21,23.88,35.16,21.675333333333334,39.87233333333334
2023-09-22,26.27,37.32,22.014666666666663,39.659666666666666
2023-09-23,27.37,51.62,22.137333333333334,40.038333333333334
2023-09-24,21.96,37.36,22.060333333333336,40.01766666666666
2023-09-25,28.11,35.44,22.16466666666667,39.746
2023-09-26,26.0,40.65,22.354,39.788000000000004
2023-09-27,20.83,41.78,22.41433333333333,39.89633333333334
2023-09-28,24.7,40.84,22.479333333333333,40.091
2023-09-29,20.94,37.12,22.342,39.967
2023-09-30,20.0,38.73,22.281666666666663,40.07033333333333
2023-10-01,23.22,38.18,22.174666666666667,40.084666666666664
2023-10-02,24.12,40.61,22.32633333333333,40.074333333333335
2023-10-03,21.37,35.0,22.429333333333332,39.81433333333334
2023-10-04,18.01,40.1,22.464666666666666,39.61066666666667
2023-10-05,29.05,36.22,22.771333333333338,39.29600000000001
2023-10-06,32.62,36.38,23.301666666666666,39.12366666666666
2023-10-07,31.4,41.75,23.855333333333338,39.31566666666666
2023-10-08,24.31,42.88,23.959666666666667,39.398
2023-10-09,19.34,35.0,23.94,39.074
2023-10-10,19.65,41.31,23.954333333333334,39.22666666666667
2023-10-11,24.7,45.39,24.215333333333334,39.373000000000005
2023-10-12,26.51,42.69,24.55366666666667,39.42266666666667
2023-10-13,22.28,45.15,24.329333333333334,39.41733333333333
2023-10-14,14.25,37.95,24.218666666666664,39.404333333333334
2023-10-15,21.14,35.95,24.207,39.36266666666667
2023-10-16,23.73,35.0,24.147,39.12733333333334
2023-10-17,23.14,35.24,23.959,38.861000000000004
2023-10-18,15.77,40.49,23.566,39.044000000000004
2023-10-19,21.41,45.0,23.39466666666667,39.37733333333334
2023-10-20,22.55,37.79,23.287666666666667,39.470000000000006
2023-10-21,20.83,45.94,23.186,39.82933333333334
2023-10-22,14.17,51.07,22.782666666666668,40.287666666666674
2023-10-23,25.29,45.78,22.71333333333333,40.092999999999996
2023-10-24,19.22,39.0,22.622,40.147666666666666
2023-10-25,25.1,36.14,22.521666666666665,40.17100000000001
2023-10-26,25.02,40.3,22.488999999999997,40.15933333333333
2023-10-27,23.33,42.14,22.572333333333336,40.17133333333333
2023-10-28,25.76,37.87,22.607666666666667,40.07233333333333
2023-10-29,17.65,35.0,22.498,40.001666666666665
2023-10-30,18.87,35.0,22.460333333333335,39.87733333333334
2023-10-31,26.66,38.65,22.575,39.893
2023-11-01,23.25,47.82,22.546,40.13333333333333
2023-11-02,19.14,41.51,22.471666666666668,40.35033333333333
2023-11-03,19.93,35.36,22.535666666666668,40.19233333333333
2023-11-04,23.33,35.0,22.344999999999995,40.151666666666664
2023-11-05,19.38,41.59,21.903666666666666,40.32533333333334
2023-11-06,13.38,35.71,21.302999999999997,40.124
2023-11-07,15.19,38.69,20.999000000000002,39.98433333333333
2023-11-08,27.6,42.33,21.274333333333335,40.22866666666666
2023-11-09,25.25,39.04,21.461000000000002,40.153000000000006
2023-11-10,21.22,35.0,21.344999999999995,39.806666666666665
2023-11-11,16.99,35.0,21.027666666666665,39.550333333333334
2023-11-12,22.63,35.0,21.03933333333333,39.212
2023-11-13,19.26,35.0,21.206333333333337,39.11366666666667
2023-11-14,24.78,39.2,21.32766666666667,39.221999999999994
2023-11-15,25.06,41.82,21.372,39.449333333333335
2023-11-16,24.47,43.39,21.416333333333334,39.721
2023-11-17,28.78,44.29,21.85,39.84766666666666
2023-11-18,32.89,36.26,22.232666666666663,39.55633333333333
2023-11-19,30.31,39.28,22.491333333333333,39.606
2023-11-20,27.25,41.9,22.705333333333332,39.47133333333333
2023-11-21,22.98,42.69,22.999000000000002,39.192
2023-11-22,21.65,51.42,22.877666666666666,39.38
2023-11-23,28.39,44.53,23.183333333333334,39.56433333333334
2023-11-24,27.02,42.49,23.247333333333334,39.775999999999996
2023-11-25,20.04,44.64,23.08133333333333,39.92066666666666
2023-11-26,22.71,42.49,23.060666666666666,39.93233333333333
2023-11-27,21.73,35.0,22.926333333333332,39.836666666666666
2023-11-28,20.51,35.0,23.021666666666665,39.836666666666666
2023-11-29,17.46,45.7,22.974666666666668,40.193333333333335
2023-11-30,29.09,43.86,23.05566666666667,40.367
2023-12-01,20.71,43.31,22.971,40.21666666666667
2023-12-02,29.44,38.42,23.314333333333334,40.11366666666666
2023-12-03,28.58,39.16,23.602666666666664,40.24033333333333
2023-12-04,21.22,39.9,23.532333333333334,40.40366666666667
2023-12-05,22.78,37.59,23.645666666666667,40.27033333333333
2023-12-06,24.98,35.32,24.032333333333334,40.257333333333335
2023-12-07,26.94,40.73,24.424,40.32533333333333
2023-12-08,28.27,40.37,24.44633333333333,40.260000000000005
2023-12-09,31.17,47.07,24.643666666666665,40.52766666666666
2023-12-10,23.57,44.06,24.722,40.82966666666666
2023-12-11,19.26,37.51,24.797666666666668,40.91333333333333
2023-12-12,18.91,41.67,24.67366666666667,41.135666666666665
2023-12-13,16.99,40.53,24.598000000000003,41.32
2023-12-14,23.02,38.26,24.53933333333333,41.28866666666667
2023-12-15,23.76,44.6,24.496,41.38133333333333
2024-01-18,28.31,41.16,24.624000000000002,41.307
2024-01-19,22.28,44.49,24.407333333333334,41.31366666666667
2024-01-20,18.08,46.84,23.913666666666668,41.666333333333334
2024-01-21,18.79,43.78,23.529666666666667,41.81633333333333
2024-01-22,22.31,47.27,23.365,41.995333333333335
2024-01-23,24.12,44.92,23.403,42.06966666666666
2024-01-24,20.63,47.27,23.368999999999996,41.93133333333333
2024-01-25,25.45,51.07,23.271,42.14933333333333
2024-01-26,25.49,47.9,23.220000000000002,42.32966666666666
2024-01-27,27.56,43.31,23.470666666666666,42.28533333333334
2024-01-28,27.64,39.47,23.635,42.184666666666665
2024-01-29,26.35,46.68,23.788999999999998,42.574
2024-01-30,31.83,47.11,24.166333333333334,42.97766666666667
2024-01-31,25.96,39.71,24.449666666666666,42.778
2024-02-01,19.53,51.62,24.131000000000004,43.03666666666667
2024-02-02,22.75,45.43,24.199,43.10733333333334
2024-02-03,24.0,44.53,24.017666666666667,43.31100000000001
2024-02-04,22.86,35.0,23.827,43.172333333333334
2024-02-05,29.64,38.02,24.107666666666667,43.10966666666666
2024-02-06,25.02,43.12,24.182333333333336,43.294
2024-02-07,28.35,45.9,24.294666666666668,43.64666666666667
2024-02-08,18.71,46.49,24.020333333333333,43.83866666666667
2024-02-09,23.69,39.32,23.867666666666665,43.803666666666665
2024-02-10,21.61,36.46,23.549,43.45
2024-02-11,18.95,40.73,23.395,43.339000000000006
2024-02-12,22.51,47.86,23.503333333333334,43.684
2024-02-13,24.67,43.04,23.695333333333334,43.72966666666666
2024-02-14,18.59,40.61,23.74866666666667,43.73233333333334
2024-02-15,26.82,43.35,23.875333333333334,43.902
2024-02-16,27.33,38.34,23.994333333333334,43.69333333333334
2024-02-17,26.31,35.4,23.927666666666664,43.501333333333335
2024-02-18,21.81,46.96,23.912,43.583666666666666
2024-02-19,14.52,35.0,23.793333333333333,43.189
2024-02-20,26.08,42.1,24.036333333333335,43.133
2024-02-21,15.77,41.39,23.818333333333335,42.937
2024-02-22,25.06,45.98,23.849666666666668,42.97233333333334
2024-02-23,20.94,47.46,23.860000000000003,42.97866666666667
2024-02-24,19.42,38.14,23.659,42.547666666666665
2024-02-25,22.86,40.1,23.57133333333333,42.287666666666674
2024-02-26,27.05,40.57,23.554333333333336,42.19633333333333
2024-02-27,29.76,38.96,23.625,42.17933333333334
2024-02-28,30.82,37.91,23.774,41.88700000000001
2024-02-29,25.41,36.69,23.56,41.53966666666666
2024-03-01,17.97,35.0,23.293666666666663,41.382666666666665
2024-03-02,25.37,38.22,23.488333333333333,40.936
2024-03-03,31.17,46.45,23.769000000000002,40.97
2024-03-04,26.7,41.59,23.858999999999998,40.87199999999999
2024-03-05,22.86,35.83,23.858999999999998,40.89966666666667
2024-03-06,25.64,42.41,23.725666666666665,41.046
2024-03-07,19.18,46.21,23.531000000000002,41.149
2024-03-08,23.41,35.0,23.366333333333333,40.785666666666664
2024-03-09,22.31,35.0,23.48633333333333,40.40266666666666
2024-03-10,26.19,43.16,23.569666666666667,40.53066666666667
2024-03-11,26.19,39.36,23.72233333333333,40.62733333333333
2024-03-12,22.04,45.31,23.825333333333333,40.779999999999994
2024-03-13,17.5,52.6,23.658333333333335,40.938
2024-03-14,24.55,43.98,23.654333333333334,40.96933333333334
2024-03-15,26.82,41.94,23.92866666666667,41.01366666666667
2024-03-16,25.06,42.88,23.87,40.998000000000005
2024-03-17,32.46,36.57,24.041,40.93899999999999
2024-03-18,24.23,45.58,23.97166666666667,41.278333333333336
2024-03-19,21.65,38.49,23.966333333333335,40.996
2024-03-20,21.73,39.98,24.206666666666667,41.162000000000006
2024-03-21,17.03,47.58,23.904999999999998,41.34466666666666
2024-03-22,20.79,45.15,24.072333333333333,41.47
2024-03-23,25.8,50.48,24.097,41.62
2024-03-24,25.68,35.75,24.255,41.22966666666666
2024-03-25,23.29,35.44,24.384,41.13966666666667
2024-03-26,22.71,35.0,24.379,40.96966666666666
2024-03-27,28.78,39.83,24.436666666666664,40.945
2024-03-28,21.96,42.25,24.176666666666666,41.05466666666666
2024-03-29,19.14,39.16,23.787333333333333,41.09633333333333
2024-03-30,21.57,35.0,23.659333333333336,41.04
2024-03-31,27.21,35.0,23.967333333333332,41.04
2024-04-01,23.92,39.2,23.919,41.07266666666667
2024-04-02,22.04,37.12,23.614666666666665,40.76166666666666
2024-04-03,24.59,46.25,23.544333333333334,40.917
2024-04-04,23.8,35.0,23.575666666666667,40.889333333333326
2024-04-05,18.51,37.51,23.338,40.726
2024-04-06,12.99,35.0,23.131666666666664,40.352333333333334
2024-04-07,22.63,35.0,23.105666666666664,40.352333333333334
2024-04-08,22.04,44.13,23.09666666666667,40.656666666666666
2024-04-09,26.9,41.86,23.120333333333335,40.61333333333333
2024-04-10,25.37,41.12,23.093000000000004,40.672000000000004
2024-04-11,12.87,38.85,22.787333333333333,40.45666666666667
2024-04-12,16.56,43.35,22.755999999999997,40.14833333333333
2024-04-13,21.73,48.29,22.662,40.292
2024-04-14,23.45,49.42,22.549666666666667,40.54133333333333
2024-04-15,22.24,39.08,22.455666666666666,40.41466666666667
2024-04-16,20.0,40.1,22.04033333333333,40.532333333333334
2024-04-17,20.94,39.16,21.930666666666664,40.318333333333335
2024-04-18,18.01,35.0,21.80933333333333,40.202
2024-04-19,22.9,41.78,21.848333333333333,40.26199999999999
2024-04-20,24.86,35.0,22.109333333333332,39.842666666666666
2024-04-21,24.94,49.15,22.247666666666667,39.976000000000006
2024-04-22,24.9,43.47,22.217666666666666,39.742333333333335
2024-04-23,32.97,39.43,22.46066666666667,39.865
2024-04-24,28.15,36.3,22.622666666666667,39.89366666666667
2024-04-25,27.49,37.48,22.782,39.97633333333333
2024-04-26,28.19,37.16,22.762333333333334,39.88733333333334
2024-04-27,19.26,37.32,22.67233333333333,39.723
2024-04-28,18.44,41.67,22.649,39.806666666666665
2024-04-29,22.51,41.12,22.680333333333333,40.010666666666665
2024-04-30,19.06,35.0,22.408666666666665,40.010666666666665
2024-05-01,26.15,39.55,22.483,40.02233333333333
2024-05-02,22.39,37.71,22.494666666666667,40.042
2024-05-03,20.04,41.04,22.343,39.86833333333333
2024-05-04,27.96,41.78,22.48166666666667,40.09433333333334
2024-05-05,26.47,43.16,22.747000000000003,40.282666666666664
2024-05-06,16.36,41.43,22.859333333333332,40.497
2024-05-07,24.43,39.36,22.919333333333334,40.64233333333333
2024-05-08,12.95,42.02,22.61633333333333,40.571999999999996
2024-05-09,23.65,35.0,22.508,40.343333333333334
2024-05-10,27.05,37.08,22.564,40.208666666666666
2024-05-11,20.04,45.04,22.802999999999997,40.415
2024-05-12,24.08,42.57,23.05366666666667,40.388999999999996
2024-05-13,27.56,38.92,23.247999999999998,40.07666666666667
2024-05-14,26.15,36.93,23.338,39.66033333333334
2024-05-15,19.34,44.76,23.241333333333333,39.849666666666664
2024-05-16,20.71,45.0,23.265,40.013000000000005
2024-05-17,21.81,38.73,23.293999999999997,39.998666666666665
2024-05-18,20.98,41.2,23.392999999999997,40.20533333333333
2024-05-19,15.77,37.63,23.15533333333333,40.067
2024-05-20,21.49,39.79,23.043,40.22666666666667
2024-05-21,22.9,36.89,22.975,39.818000000000005
2024-05-22,23.69,36.65,22.934666666666665,39.59066666666667
2024-05-23,21.92,45.51,22.56633333333333,39.79333333333333
2024-05-24,19.49,46.29,22.277666666666665,40.126333333333335
2024-05-25,16.52,39.28,21.912,40.18633333333334
2024-05-26,18.2,46.37,21.579,40.49333333333333
2024-05-27,24.04,41.31,21.738333333333333,40.626333333333335
2024-05-28,26.19,42.22,21.996666666666666,40.644666666666666
2024-05-29,26.11,48.05,22.116666666666667,40.87566666666667
2024-05-30,20.83,45.54,22.175666666666665,41.227
2024-05-31,16.48,36.85,21.85333333333333,41.13700000000001
2024-06-01,21.73,37.63,21.83133333333333,41.13433333333333
2024-06-02,30.74,40.88,22.188,41.129000000000005
2024-06-03,25.02,45.51,22.089999999999996,41.25333333333333
2024-06-04,24.7,49.97,22.031000000000002,41.480333333333334
2024-06-05,16.63,41.04,22.040000000000003,41.467333333333336
2024-06-06,21.96,40.96,21.957666666666668,41.52066666666667
2024-06-07,25.41,36.93,22.373,41.351000000000006
2024-06-08,21.34,41.39,22.296,41.564
2024-06-09,26.47,44.96,22.276666666666664,41.82666666666667
2024-06-10,30.31,41.43,22.619000000000003,41.70633333333333
2024-06-11,23.88,41.78,22.612333333333332,41.68
2024-06-12,24.43,40.84,22.508,41.744
2024-06-13,23.61,35.99,22.423333333333332,41.712666666666664
2024-06-14,35.0,38.34,22.945333333333334,41.498666666666665
2024-06-15,23.49,39.51,23.038,41.315666666666665
2024-06-16,23.14,37.51,23.082333333333334,41.275
2024-06-17,28.31,35.0,23.326666666666668,41.06833333333334
2024-06-18,27.84,39.0,23.729,41.114000000000004
2024-06-19,24.27,40.65,23.82166666666667,41.14266666666666
2024-06-20,22.43,35.0,23.805999999999997,41.07966666666666
2024-06-21,23.02,42.72,23.783666666666665,41.282000000000004
2024-06-22,17.65,35.0,23.641333333333332,40.931666666666665
2024-06-23,21.69,38.18,23.71466666666667,40.66133333333334
2024-06-24,24.04,44.21,23.96533333333333,40.82566666666666
2024-06-25,23.29,47.27,24.134999999999998,40.85566666666667
2024-06-26,20.59,48.91,24.02,41.109
2024-06-27,18.51,45.39,23.764,41.214666666666666
2024-06-28,20.79,38.02,23.586666666666666,40.88033333333333
2024-06-29,23.57,42.57,23.678,40.781333333333336
2024-06-30,19.38,47.39,23.77466666666667,41.132666666666665
2024-07-01,28.9,54.36,24.013666666666666,41.690333333333335
2024-07-02,25.53,49.74,23.84,41.98566666666667
2024-07-03,27.37,47.97,23.918333333333337,42.06766666666667
2024-07-04,23.1,43.08,23.865,41.837999999999994
2024-07-05,12.48,40.69,23.726666666666667,41.82633333333333
2024-07-06,18.95,40.06,23.62633333333333,41.79633333333333
2024-07-07,21.84,39.08,23.507333333333335,41.868
2024-07-08,21.77,35.0,23.521666666666665,41.655
2024-07-09,27.88,35.0,23.56866666666667,41.323
2024-07-10,28.94,43.27,23.523,41.38433333333333
2024-07-11,20.94,46.37,23.425,41.53733333333333
2024-07-12,14.79,38.22,23.103666666666665,41.45
2024-07-13,28.19,37.59,23.256333333333334,41.50333333333334
2024-07-14,26.86,40.88,22.985,41.588
2024-07-15,22.24,46.01,22.94333333333333,41.80466666666666
2024-07-16,31.17,35.44,23.211000000000002,41.73566666666667
2024-07-17,24.63,36.93,23.08833333333333,41.8
2024-07-18,24.78,39.75,22.986333333333334,41.825
2024-07-19,31.68,42.76,23.233333333333334,41.89533333333334
2024-07-20,30.15,44.02,23.490666666666666,42.196000000000005
2024-07-21,16.99,46.56,23.28966666666667,42.324
2024-07-22,19.73,41.47,23.358999999999998,42.53966666666667
2024-07-23,19.49,35.0,23.285666666666664,42.43366666666667
2024-07-24,19.53,40.33,23.135333333333335,42.30433333333333
2024-07-25,15.97,40.41,22.891333333333332,42.07566666666666
2024-07-26,23.49,42.84,22.988,41.873333333333335
2024-07-27,24.63,45.23,23.192,41.868
2024-07-28,21.02,43.35,23.199666666666662,42.04566666666666
2024-07-29,22.0,42.84,23.147333333333332,42.05466666666667
2024-07-30,23.29,44.84,23.27766666666667,41.96966666666666
2024-07-31,22.67,43.51,23.07,41.608
2024-08-01,18.83,37.08,22.846666666666668,41.18600000000001
2024-08-02,19.42,36.1,22.581666666666663,40.790333333333336
2024-08-03,22.0,40.45,22.545,40.70266666666667
2024-08-04,24.27,46.41,22.938,40.89333333333333
2024-08-05,21.14,48.29,23.011,41.167666666666676
2024-08-06,24.31,37.4,23.09333333333333,41.111666666666665
2024-08-07,17.65,42.92,22.956,41.37566666666667
2024-08-08,20.9,45.0,22.723333333333333,41.708999999999996
2024-08-09,23.25,38.77,22.533666666666665,41.559
2024-08-10,13.11,43.86,22.272666666666666,41.47533333333333
2024-08-11,21.06,43.43,22.48166666666667,41.649
2024-08-12,24.67,46.09,22.36433333333333,41.932333333333325
2024-08-13,26.11,47.74,22.339333333333332,42.160999999999994
2024-08-14,20.55,43.63,22.283,42.08166666666667
2024-08-15,19.85,36.69,21.905666666666665,42.123333333333335
2024-08-16,17.26,35.0,21.66,42.059
2024-08-17,21.26,40.73,21.542666666666666,42.09166666666667
2024-08-18,21.96,44.33,21.218666666666664,42.144
2024-08-19,21.57,39.2,20.932666666666666,41.983333333333334
2024-08-20,22.55,35.0,21.118,41.598
2024-08-21,20.04,35.63,21.128333333333334,41.40333333333333
2024-08-22,20.59,37.91,21.165000000000003,41.50033333333333
2024-08-23,24.27,46.25,21.322999999999997,41.69766666666667
2024-08-24,18.71,46.45,21.414333333333335,41.899
2024-08-25,23.88,43.51,21.427333333333333,41.92133333333334
2024-08-26,23.73,41.12,21.397333333333336,41.78433333333333
2024-08-27,23.8,46.64,21.490000000000002,41.894000000000005
2024-08-28,21.69,50.79,21.47966666666667,42.159
2024-08-29,18.16,44.96,21.308666666666667,42.163000000000004
2024-08-30,23.96,48.13,21.35166666666667,42.317
2024-08-31,23.29,35.0,21.500333333333334,42.24766666666666
2024-09-01,23.18,35.79,21.625666666666667,42.23733333333333
2024-09-02,25.84,37.79,21.753666666666668,42.14866666666667
2024-09-03,28.03,40.49,21.879,41.95133333333334
2024-09-04,31.44,47.39,22.222333333333335,41.92133333333333
2024-09-05,22.47,46.92,22.161,42.23866666666667
2024-09-06,14.32,42.22,22.05,42.215333333333334
2024-09-07,20.75,41.12,22.045,42.086
2024-09-08,27.72,35.32,22.194000000000003,41.971
2024-09-09,22.98,35.0,22.523000000000003,41.675666666666665
2024-09-10,21.57,35.0,22.54,41.394666666666666
2024-09-11,22.82,38.69,22.478333333333335,41.148
2024-09-12,21.45,40.96,22.322999999999997,40.922000000000004
2024-09-13,10.6,39.71,21.991333333333333,40.791333333333334
2024-09-14,15.66,35.0,21.85166666666667,40.735
2024-09-15,19.1,35.09,21.913,40.73799999999999
2024-09-16,25.76,35.0,22.063,40.547
2024-09-17,30.78,41.94,22.357000000000003,40.467333333333336
2024-09-18,22.59,37.48,22.391000000000002,40.41
2024-09-19,22.04,42.06,22.374000000000002,40.64533333333333
2024-09-20,22.24,43.59,22.447333333333336,40.91066666666667
2024-09-21,17.07,35.0,22.33,40.81366666666667
2024-09-22,21.61,35.0,22.241333333333333,40.43866666666667
2024-09-23,21.45,43.35,22.332666666666668,40.33533333333333
2024-09-24,22.75,43.55,22.295,40.336666666666666
2024-09-25,24.94,39.12,22.33533333333333,40.27
2024-09-26,16.75,42.96,22.10033333333333,40.14733333333333
2024-09-27,14.4,39.12,21.85733333333333,39.75833333333333
2024-09-28,15.93,39.28,21.783,39.568999999999996
2024-09-29,20.32,38.18,21.661666666666665,39.23733333333334
2024-09-30,29.41,44.02,21.865666666666666,39.538000000000004
2024-10-01,28.47,40.77,22.041999999999998,39.704
2024-10-02,21.37,35.0,21.892999999999997,39.611
2024-10-03,17.42,47.5,21.539333333333335,39.84466666666666
2024-10-04,25.21,39.67,21.331666666666663,39.58733333333334
2024-10-05,18.32,46.17,21.19333333333333,39.56233333333333
2024-10-06,14.36,35.0,21.194666666666667,39.321666666666665
2024-10-07,20.16,35.67,21.175,39.14
2024-10-08,20.87,35.0,20.946666666666665,39.129333333333335
2024-10-09,24.35,36.61,20.99233333333333,39.183
2024-10-10,26.11,44.37,21.143666666666668,39.495333333333335
2024-10-11,22.16,50.36,21.121666666666666,39.88433333333333
2024-10-12,23.65,35.0,21.195,39.68566666666666
2024-10-13,28.35,40.65,21.78666666666667,39.717
2024-10-14,18.08,43.43,21.86733333333333,39.998000000000005
2024-10-15,16.52,35.05,21.781333333333336,39.99666666666667
2024-10-16,18.99,36.73,21.55566666666667,40.05433333333334
2024-10-17,23.65,44.21,21.317999999999998,40.13
2024-10-18,21.77,46.13,21.290666666666667,40.41833333333333
2024-10-19,25.96,40.45,21.421333333333333,40.36466666666667
2024-10-20,23.76,35.0,21.471999999999998,40.07833333333333
2024-10-21,18.51,37.91,21.52,40.175333333333334
2024-10-22,26.39,40.73,21.679333333333332,40.36633333333332
2024-10-23,27.21,44.33,21.871333333333332,40.399
2024-10-24,15.26,39.79,21.621666666666666,40.27366666666667
2024-10-25,24.39,41.51,21.603333333333335,40.35333333333333
2024-10-26,22.51,41.63,21.795333333333335,40.309
2024-10-27,18.83,40.3,21.943,40.348333333333336
2024-10-28,27.05,39.71,22.313666666666666,40.36266666666667
2024-10-29,24.59,38.02,22.456000000000003,40.35733333333334
2024-10-30,21.53,35.0,22.19333333333333,40.056666666666665
2024-10-31,15.46,36.14,21.759666666666668,39.90233333333333
2024-11-01,20.4,37.24,21.727333333333334,39.977
2024-11-02,21.61,43.19,21.867,39.833333333333336
2024-11-03,20.63,42.49,21.714333333333336,39.92733333333333
2024-11-04,23.76,42.92,21.895666666666667,39.819
2024-11-05,18.63,50.17,22.038,40.324666666666666
2024-11-06,19.26,49.66,22.008,40.791000000000004
2024-11-07,20.94,39.63,22.010333333333335,40.94533333333333
2024-11-08,19.85,35.0,21.860333333333333,40.891666666666666
2024-11-09,22.0,35.0,21.723333333333333,40.57933333333333
2024-11-10,21.88,35.0,21.714,40.06733333333333
2024-11-11,22.04,35.48,21.660333333333334,40.083333333333336
2024-11-12,24.04,44.13,21.516666666666666,40.199333333333335
2024-11-13,27.02,40.26,21.814666666666664,40.093666666666664
2024-11-14,23.45,37.12,22.045666666666666,40.16266666666666
2024-11-15,17.69,42.76,22.002333333333333,40.36366666666666
2024-11-16,15.89,50.4,21.743666666666666,40.57
2024-11-17,20.08,44.1,21.687333333333335,40.50233333333333
2024-11-18,22.51,35.0,21.572333333333333,40.32066666666666
2024-11-19,17.77,37.32,21.372666666666664,40.398
2024-11-20,25.61,35.0,21.609333333333332,40.301
2024-11-21,23.88,47.43,21.525666666666666,40.52433333333333
2024-11-22,32.85,41.9,21.713666666666665,40.443333333333335
2024-11-23,20.28,35.0,21.880999999999997,40.28366666666667
2024-11-24,14.56,37.71,21.553333333333335,40.157000000000004
2024-11-25,22.71,39.83,21.560000000000002,40.096999999999994
2024-11-26,25.45,38.69,21.780666666666665,40.04333333333333
2024-11-27,18.71,40.06,21.502666666666666,40.05499999999999
2024-11-28,20.47,44.84,21.365333333333336,40.28233333333333
2024-11-29,19.02,48.48,21.28166666666667,40.73166666666666
2024-11-30,19.42,45.35,21.413666666666664,41.03866666666667
2024-12-01,27.96,43.98,21.665666666666667,41.263333333333335
2024-12-02,29.33,40.73,21.923,41.181333333333335
2024-12-03,19.18,45.39,21.874666666666666,41.278
2024-12-04,23.41,41.98,21.863,41.24666666666666
2024-12-05,21.41,35.0,21.955666666666666,40.741
2024-12-06,25.33,35.16,22.158,40.257666666666665
2024-12-07,23.57,38.34,22.24566666666667,40.214666666666666
2024-12-08,17.3,37.91,22.160666666666668,40.311666666666675
2024-12-09,24.67,37.2,22.249666666666666,40.385000000000005
2024-12-10,26.0,40.18,22.387,40.55766666666667
2024-12-11,31.09,42.29,22.688666666666666,40.784666666666666
2024-12-12,21.37,38.73,22.599666666666668,40.60466666666666
2024-12-13,21.84,48.05,22.427000000000003,40.86433333333333
2024-12-14,16.71,45.47,22.202333333333332,41.14266666666666
2024-12-15,13.15,42.61,22.051000000000002,41.13766666666667
