Date,gdp_per_capita,gdp_per_capita_MA30
2021-01-18,23717.59,
2021-01-19,24625.0,
2021-01-20,24106.48,
2021-01-21,23685.19,
2021-01-22,24680.56,
2021-01-23,24018.52,
2021-01-24,23319.44,
2021-01-25,23912.04,
2021-01-26,24699.07,
2021-01-27,24231.48,
2021-01-28,24180.56,
2021-01-29,23981.48,
2021-01-30,24773.15,
2021-01-31,23263.89,
2021-02-01,24546.3,
2021-02-02,23893.52,
2021-02-03,23699.07,
2021-02-04,23717.59,
2021-02-05,23078.7,
2021-02-06,23884.26,
2021-02-07,25819.44,
2021-02-08,24949.07,
2021-02-09,25717.59,
2021-02-10,25092.59,
2021-02-11,23995.37,
2021-02-12,23717.59,
2021-02-13,24634.26,
2021-02-14,24750.0,
2021-02-15,24277.78,
2021-02-16,23388.89,24211.88233333333
2021-02-17,24231.48,24229.012
2021-02-18,24106.48,24211.728000000003
2021-02-19,24842.59,24236.265000000003
2021-02-20,25060.19,24282.09833333333
2021-02-21,24189.81,24265.74
2021-02-22,24976.85,24297.684333333335
2021-02-23,25287.04,24363.271
2021-02-24,24972.22,24398.610333333334
2021-02-25,25416.67,24422.530333333336
2021-02-26,25101.85,24451.542666666668
2021-02-27,24092.59,24448.61033333333
2021-02-28,23925.93,24446.75866666667
2021-03-01,23060.19,24389.659999999996
2021-03-02,22342.59,24358.95
2021-03-03,24055.56,24342.592
2021-03-04,23555.56,24331.326666666664
2021-03-05,24324.07,24352.16
2021-03-06,24046.3,24363.116999999995
2021-03-07,24694.44,24416.975
2021-03-08,24412.04,24434.567666666666
2021-03-09,23273.15,24349.691333333332
2021-03-10,22625.0,24272.22233333333
2021-03-11,24500.0,24231.636
2021-03-12,25467.59,24244.136000000002
2021-03-13,25388.89,24290.58666666667
2021-03-14,24879.63,24329.32133333333
2021-03-15,23865.74,24303.704
2021-03-16,23620.37,24266.049666666666
2021-03-17,25208.33,24297.068000000003
2021-03-18,24592.59,24337.191333333332
2021-03-19,25254.63,24371.296333333335
2021-03-20,24569.44,24386.728333333333
2021-03-21,25578.7,24411.265333333333
2021-03-22,24509.26,24392.901
2021-03-23,24097.22,24389.814666666665
2021-03-24,24194.44,24363.734333333334
2021-03-25,23046.3,24289.042999999998
2021-03-26,23856.48,24251.85166666667
2021-03-27,23893.52,24201.079999999998
2021-03-28,24240.74,24172.37633333333
2021-03-29,24467.59,24184.876333333334
2021-03-30,26444.44,24268.826666666664
2021-03-31,25250.0,24341.820333333333
2021-04-01,24467.59,24412.653666666665
2021-04-02,23120.37,24381.480666666663
2021-04-03,23550.93,24381.326333333334
2021-04-04,24944.44,24402.005333333334
2021-04-05,22384.26,24346.604
2021-04-06,23356.48,24302.005333333334
2021-04-07,23944.44,24286.418666666665
2021-04-08,24000.0,24310.647
2021-04-09,24689.81,24379.474000000002
2021-04-10,25740.74,24420.832000000002
2021-04-11,25486.11,24421.449333333334
2021-04-12,24370.37,24387.498666666666
2021-04-13,24162.04,24363.579000000005
2021-04-14,24564.81,24386.88133333333
2021-04-15,23458.33,24381.479999999996
2021-04-16,23925.93,24338.733333333334
2021-04-17,23319.44,24296.295
2021-04-18,24004.63,24254.628333333334
2021-04-19,26273.15,24311.418666666665
2021-04-20,26064.81,24327.622333333336
2021-04-21,25763.89,24369.443333333336
2021-04-22,24250.0,24374.536000000004
2021-04-23,24291.67,24377.777
2021-04-24,24046.3,24411.110333333334
2021-04-25,25925.93,24480.092
2021-04-26,26296.3,24560.184666666668
2021-04-27,25708.33,24609.104333333333
2021-04-28,24004.63,24593.672333333332
2021-04-29,23652.78,24500.617000000002
2021-04-30,23662.04,24447.685
2021-05-01,24347.22,24443.67266666667
2021-05-02,24435.19,24487.500000000004
2021-05-03,24796.3,24529.012333333332
2021-05-04,24245.37,24505.71
2021-05-05,24782.41,24585.648333333334
2021-05-06,23916.67,24604.32133333333
2021-05-07,24273.15,24615.278333333332
2021-05-08,23870.37,24610.957333333332
2021-05-09,24680.56,24610.648999999998
2021-05-10,24189.81,24558.95133333333
2021-05-11,23615.74,24496.605666666663
2021-05-12,25444.44,24532.408
2021-05-13,25069.44,24562.65466666666
2021-05-14,25333.33,24588.272
2021-05-15,23953.7,24604.784333333333
2021-05-16,23342.59,24585.339666666663
2021-05-17,23981.48,24607.40766666667
2021-05-18,24449.07,24622.222333333335
2021-05-19,24578.7,24565.740666666665
2021-05-20,23333.33,24474.691333333332
2021-05-21,24754.63,24441.049333333332
2021-05-22,23861.11,24428.086333333333
2021-05-23,23606.48,24405.246666666666
2021-05-24,23532.41,24388.117000000002
2021-05-25,24018.52,24324.53666666667
2021-05-26,23787.04,24240.894666666667
2021-05-27,24240.74,24191.975
2021-05-28,23939.81,24189.814333333336
2021-05-29,25347.22,24246.295666666665
2021-05-30,24453.7,24272.684333333335
2021-05-31,23828.7,24255.400333333335
2021-06-01,24324.07,24251.69633333333
2021-06-02,25087.96,24261.418333333335
2021-06-03,24337.96,24264.504666666668
2021-06-04,23282.41,24214.504666666668
2021-06-05,24518.52,24234.566333333332
2021-06-06,24115.74,24229.319333333337
2021-06-07,25217.59,24274.22666666667
2021-06-08,25037.04,24286.109333333334
2021-06-09,24467.59,24295.36866666667
2021-06-10,24888.89,24337.807000000004
2021-06-11,25129.63,24327.313333333335
2021-06-12,24379.63,24304.31966666667
2021-06-13,23699.07,24249.84433333333
2021-06-14,24268.52,24260.338333333333
2021-06-15,23745.37,24273.764333333336
2021-06-16,24601.85,24294.443333333333
2021-06-17,24444.44,24294.289
2021-06-18,24620.37,24295.678
2021-06-19,23745.37,24309.412666666667
2021-06-20,24930.56,24315.277
2021-06-21,23245.37,24294.75233333333
2021-06-22,22032.41,24242.283333333333
2021-06-23,22379.63,24203.857333333333
2021-06-24,22754.63,24161.727666666666
2021-06-25,24273.15,24177.931333333334
2021-06-26,24972.22,24202.314000000002
2021-06-27,24231.48,24212.036333333333
2021-06-28,23893.52,24163.57966666667
2021-06-29,23296.3,24124.999666666667
2021-06-30,24689.81,24153.70333333333
2021-07-01,24203.7,24149.691000000003
2021-07-02,24476.85,24129.320666666667
2021-07-03,24310.19,24128.395
2021-07-04,24500.0,24168.981333333333
2021-07-05,24379.63,24164.351666666666
2021-07-06,23893.52,24156.944333333333
2021-07-07,24208.33,24123.302333333337
2021-07-08,23685.19,24078.240666666665
2021-07-09,23125.0,24033.487666666668
2021-07-10,23375.0,23983.024666666668
2021-07-11,24162.04,23950.771666666667
2021-07-12,23990.74,23937.808666666668
2021-07-13,23328.7,23925.463
2021-07-14,24013.89,23916.975333333332
2021-07-15,23902.78,23922.222333333335
2021-07-16,24092.59,23905.247
2021-07-17,23675.93,23879.63
2021-07-18,24671.3,23881.327666666664
2021-07-19,24347.22,23901.389333333333
2021-07-20,23370.37,23849.383000000005
2021-07-21,22731.48,23832.253333333338
2021-07-22,24162.04,23903.240999999998
2021-07-23,24259.26,23965.895333333334
2021-07-24,24791.67,24033.79666666667
2021-07-25,24824.07,24052.160666666667
2021-07-26,23597.22,24006.327333333335
2021-07-27,22879.63,23961.26566666667
2021-07-28,23486.11,23947.685333333335
2021-07-29,23425.93,23952.00633333333
2021-07-30,23768.52,23921.29666666667
2021-07-31,23180.56,23887.192
2021-08-01,22518.52,23821.91433333333
2021-08-02,23351.85,23789.969666666668
2021-08-03,24930.56,23804.321666666667
2021-08-04,25157.41,23830.24766666667
2021-08-05,24203.7,23840.587
2021-08-06,24268.52,23842.59333333333
2021-08-07,24379.63,23865.74133333333
2021-08-08,23055.56,23863.42666666667
2021-08-09,22712.96,23841.358666666667
2021-08-10,23546.3,23820.834
2021-08-11,24027.78,23822.068666666666
2021-08-12,24944.44,23875.92666666667
2021-08-13,23259.26,23850.772333333334
2021-08-14,23574.07,23839.815333333332
2021-08-15,23546.3,23821.605666666666
2021-08-16,24444.44,23847.222666666665
2021-08-17,25106.48,23861.728666666666
2021-08-18,24861.11,23878.85833333333
2021-08-19,23745.37,23891.358333333334
2021-08-20,24611.11,23954.012666666666
2021-08-21,24226.85,23956.173000000003
2021-08-22,23185.19,23920.370666666666
2021-08-23,24833.33,23921.759333333335
2021-08-24,24171.3,23900.000333333333
2021-08-25,24625.0,23934.259666666665
2021-08-26,24847.22,23999.845999999998
2021-08-27,22546.3,23968.518999999997
2021-08-28,23106.48,23957.870666666666
2021-08-29,23833.33,23960.031000000003
2021-08-30,24569.44,24006.326999999997
2021-08-31,24125.0,24059.876333333334
2021-09-01,24259.26,24090.123333333333
2021-09-02,24666.67,24081.327
2021-09-03,25148.15,24081.01833333333
2021-09-04,24925.93,24105.092666666667
2021-09-05,24004.63,24096.296333333335
2021-09-06,23652.78,24072.068000000003
2021-09-07,23805.56,24097.067999999996
2021-09-08,24189.81,24146.296333333335
2021-09-09,24013.89,24161.882666666665
2021-09-10,24574.07,24180.092333333334
2021-09-11,24495.37,24165.123333333333
2021-09-12,24370.37,24202.16033333333
2021-09-13,23972.22,24215.431999999997
2021-09-14,22805.56,24190.740666666665
2021-09-15,24199.07,24182.561666666665
2021-09-16,22986.11,24111.882666666665
2021-09-17,23620.37,24070.52466666667
2021-09-18,24472.22,24094.753000000004
2021-09-19,23865.74,24069.907333333333
2021-09-20,23828.7,24056.635666666665
2021-09-21,24291.67,24093.518333333333
2021-09-22,24486.11,24081.944333333333
2021-09-23,22962.96,24041.666333333334
2021-09-24,24120.37,24024.845333333335
2021-09-25,24379.63,24009.259
2021-09-26,24240.74,24065.74033333333
2021-09-27,24222.22,24102.931666666667
2021-09-28,23657.41,24097.067666666662
2021-09-29,24222.22,24085.49366666667
2021-09-30,25018.52,24115.27766666667
2021-10-01,24703.7,24130.092333333334
2021-10-02,23606.48,24094.752666666664
2021-10-03,23893.52,24052.931666666667
2021-10-04,23662.04,24010.802000000003
2021-10-05,24666.67,24032.87
2021-10-06,23083.33,24013.888333333332
2021-10-07,23981.48,24019.752333333334
2021-10-08,25518.52,24064.042666666668
2021-10-09,24745.37,24088.425333333333
2021-10-10,24629.63,24090.277333333335
2021-10-11,23856.48,24068.981000000003
2021-10-12,24328.7,24067.592
2021-10-13,24023.15,24069.289666666667
2021-10-14,24305.56,24119.289666666664
2021-10-15,23800.93,24106.018333333333
2021-10-16,22898.15,24103.086333333333
2021-10-17,22564.81,24067.900999999998
2021-10-18,24537.04,24070.061666666665
2021-10-19,23467.59,24056.789999999997
2021-10-20,23402.78,24042.592666666667
2021-10-21,23425.93,24013.734666666667
2021-10-22,23013.89,23964.66066666667
2021-10-23,24300.93,24009.25966666667
2021-10-24,24444.44,24020.062
2021-10-25,23805.56,24000.926333333333
2021-10-26,24648.15,24014.506666666668
2021-10-27,24500.0,24023.766
2021-10-28,24268.52,24044.136333333336
2021-10-29,24763.89,24062.192
2021-10-30,24055.56,24030.09333333333
2021-10-31,25254.63,24048.457666666665
2021-11-01,26055.56,24130.093666666668
2021-11-02,22986.11,24099.846666666668
2021-11-03,22439.81,24059.105666666663
2021-11-04,23717.59,24027.469666666668
2021-11-05,24819.44,24085.34
2021-11-06,24861.11,24114.661
2021-11-07,24981.48,24096.759666666665
2021-11-08,25731.48,24129.63
2021-11-09,25736.11,24166.512666666666
2021-11-10,24652.78,24193.055999999997
2021-11-11,22625.0,24136.266
2021-11-12,23111.11,24105.86466666667
2021-11-13,21629.63,24016.667
2021-11-14,21662.04,23945.370666666666
2021-11-15,24625.0,24002.932333333334
2021-11-16,23907.41,24047.685666666668
2021-11-17,24634.26,24050.926333333333
2021-11-18,23032.41,24036.420333333335
2021-11-19,23032.41,24024.074666666667
2021-11-20,22615.74,23997.068333333333
2021-11-21,23226.85,24004.167
2021-11-22,24171.3,23999.846
2021-11-23,23763.89,23977.161
2021-11-24,23296.3,23960.185666666668
2021-11-25,24171.3,23944.290666666664
2021-11-26,25115.74,23964.815333333332
2021-11-27,25583.33,24008.642333333333
2021-11-28,24875.0,24012.346
2021-11-29,23995.37,24010.33966666667
2021-11-30,23569.44,23954.166666666668
2021-12-01,23333.33,23863.425666666666
2021-12-02,23601.85,23883.950333333334
2021-12-03,23217.59,23909.876333333334
2021-12-04,23125.0,23890.123333333333
2021-12-05,22643.52,23817.592666666667
2021-12-06,23004.63,23755.710000000003
2021-12-07,24013.89,23723.457000000002
2021-12-08,23907.41,23662.65466666666
2021-12-09,23944.44,23602.932333333334
2021-12-10,23101.85,23551.234666666667
2021-12-11,22634.26,23551.543333333335
2021-12-12,23805.56,23574.691666666666
2021-12-13,24666.67,23675.926333333333
2021-12-14,25791.67,23813.58066666667
2021-12-15,25375.0,23838.58066666667
2022-01-18,23222.22,23815.740999999998
2022-01-19,23865.74,23790.123666666666
2022-01-20,23462.96,23804.47533333333
2022-01-21,23870.37,23832.407333333333
2022-01-22,24074.07,23881.018333333333
2022-01-23,23898.15,23903.395
2022-01-24,24004.63,23897.839333333333
2022-01-25,23717.59,23896.296
2022-01-26,23347.22,23897.993333333332
2022-01-27,23939.81,23890.277000000002
2022-01-28,23291.67,23829.474666666665
2022-01-29,23175.93,23749.228
2022-01-30,23361.11,23698.765
2022-01-31,25027.78,23733.178666666667
2022-02-01,23805.56,23741.049333333332
2022-02-02,22912.04,23727.00633333333
2022-02-03,23564.81,23725.771666666667
2022-02-04,24277.78,23761.11133333333
2022-02-05,25138.89,23828.240999999998
2022-02-06,23532.41,23857.870666666666
2022-02-07,23708.33,23881.32733333333
2022-02-08,22962.96,23846.296333333335
2022-02-09,23287.04,23825.617333333335
2022-02-10,22541.67,23778.858333333334
2022-02-11,24944.44,23840.278
2022-02-12,24837.96,23913.734666666667
2022-02-13,22810.19,23880.555666666663
2022-02-14,22847.22,23819.907333333333
2022-02-15,23486.11,23743.05533333333
2022-02-16,23796.3,23690.431999999997
2022-02-17,23106.48,23686.574
2022-02-18,23148.15,23662.654333333332
2022-02-19,23291.67,23656.94466666667
2022-02-20,23671.3,23650.309
2022-02-21,23625.0,23635.34
2022-02-22,24222.22,23646.142333333333
2022-02-23,23879.63,23641.97566666667
2022-02-24,23712.96,23641.821333333333
2022-02-25,24009.26,23663.889333333336
2022-02-26,23902.78,23662.654999999995
2022-02-27,23796.3,23679.476000000002
2022-02-28,22518.52,23657.56233333333
2022-03-01,24513.89,23695.988333333335
2022-03-02,24199.07,23668.364666666665
2022-03-03,24185.19,23681.019000000004
2022-03-04,22916.67,23681.173333333332
2022-03-05,23435.19,23676.852666666666
2022-03-06,23546.3,23652.469999999998
2022-03-07,23865.74,23610.031666666666
2022-03-08,24430.56,23639.969999999998
2022-03-09,23851.85,23644.754
2022-03-10,24162.04,23684.72333333333
2022-03-11,23185.19,23681.32833333333
2022-03-12,24527.78,23747.532
2022-03-13,24120.37,23720.063000000002
2022-03-14,24439.81,23706.791333333334
2022-03-15,24532.41,23764.198666666667
2022-03-16,24379.63,23815.279
2022-03-17,23009.26,23799.384000000002
2022-03-18,23967.59,23805.093666666668
2022-03-19,23814.81,23828.70466666667
2022-03-20,23717.59,23847.685999999998
2022-03-21,23194.44,23844.445
2022-03-22,24236.11,23863.272
2022-03-23,23782.41,23868.519000000004
2022-03-24,23518.52,23845.062333333328
2022-03-25,22699.07,23805.710333333336
2022-03-26,23175.93,23787.809333333335
2022-03-27,23476.85,23770.06233333333
2022-03-28,24324.07,23784.105333333333
2022-03-29,23773.15,23783.333666666666
2022-03-30,23888.89,23829.012666666666
2022-03-31,23592.59,23798.302666666666
2022-04-01,22347.22,23736.574333333334
2022-04-02,23023.15,23697.839666666663
2022-04-03,25134.26,23771.759333333335
2022-04-04,24662.04,23812.654333333332
2022-04-05,24435.19,23842.284
2022-04-06,23222.22,23820.833333333332
2022-04-07,24435.19,23820.987666666668
2022-04-08,23208.33,23799.537
2022-04-09,23412.04,23774.537
2022-04-10,22976.85,23767.592333333334
2022-04-11,23425.93,23730.864
2022-04-12,23736.11,23718.055333333334
2022-04-13,23393.52,23683.179
2022-04-14,23740.74,23656.79
2022-04-15,23226.85,23618.364
2022-04-16,24333.33,23662.499666666667
2022-04-17,24773.15,23689.351666666666
2022-04-18,23962.96,23694.289999999997
2022-04-19,24444.44,23718.518333333333
2022-04-20,23495.37,23728.549333333332
2022-04-21,24009.26,23720.987666666668
2022-04-22,22898.15,23691.512333333332
2022-04-23,22837.96,23668.827
2022-04-24,22106.48,23649.074
2022-04-25,21861.11,23605.246666666666
2022-04-26,23638.89,23610.647999999997
2022-04-27,23699.07,23589.81466666667
2022-04-28,23490.74,23580.401
2022-04-29,24046.3,23585.647999999997
2022-04-30,23055.56,23567.747
2022-05-01,23310.19,23599.846
2022-05-02,24277.78,23641.667
2022-05-03,24268.52,23612.809
2022-05-04,24847.22,23618.981666666667
2022-05-05,24967.59,23636.728333333333
2022-05-06,24282.41,23672.068000000003
2022-05-07,25027.78,23691.821
2022-05-08,24129.63,23722.531000000003
2022-05-09,24819.44,23769.444333333333
2022-05-10,24787.04,23829.784
2022-05-11,23250.0,23823.919666666665
2022-05-12,23263.89,23808.179
2022-05-13,24851.85,23856.789999999997
2022-05-14,24791.67,23891.821
2022-05-15,23601.85,23904.321
2022-05-16,22254.63,23835.031000000003
2022-05-17,22648.15,23764.197666666667
2022-05-18,24041.67,23766.82133333333
2022-05-19,24356.48,23763.889333333333
2022-05-20,24055.56,23782.56233333333
2022-05-21,22962.96,23747.685666666664
2022-05-22,23305.56,23761.266
2022-05-23,24416.67,23813.889666666666
2022-05-24,23439.81,23858.334
2022-05-25,23875.0,23925.463666666667
2022-05-26,24564.81,23956.327666666668
2022-05-27,23870.37,23962.037666666667
2022-05-28,25675.93,24034.87733333333
2022-05-29,23393.52,24013.118000000002
2022-05-30,22592.59,23997.685666666664
2022-05-31,23208.33,23994.290333333334
2022-06-01,24097.22,23988.271666666667
2022-06-02,23759.26,23971.296333333335
2022-06-03,23148.15,23914.66066666667
2022-06-04,23074.07,23851.543333333335
2022-06-05,22532.41,23793.210000000003
2022-06-06,23106.48,23729.166666666668
2022-06-07,23560.19,23710.18533333333
2022-06-08,22740.74,23640.895333333334
2022-06-09,22754.63,23573.14833333333
2022-06-10,23898.15,23594.753333333334
2022-06-11,24300.93,23629.321333333333
2022-06-12,24356.48,23612.809
2022-06-13,24560.19,23605.092999999997
2022-06-14,24171.3,23624.074666666667
2022-06-15,22930.56,23646.605666666666
2022-06-16,22453.7,23640.124
2022-06-17,22643.52,23593.519000000004
2022-06-18,23328.7,23559.25966666667
2022-06-19,23953.7,23555.864333333335
2022-06-20,24379.63,23603.08666666667
2022-06-21,24250.0,23634.568000000003
2022-06-22,23560.19,23606.018666666667
2022-06-23,23217.59,23598.61133333333
2022-06-24,23504.63,23586.265666666666
2022-06-25,22217.59,23508.025
2022-06-26,23180.56,23485.031333333332
2022-06-27,24810.19,23456.173333333336
2022-06-28,24800.93,23503.087
2022-06-29,24620.37,23570.679666666667
2022-06-30,24467.59,23612.654999999995
2022-07-01,23606.48,23596.297000000002
2022-07-02,24652.78,23626.081
2022-07-03,24439.81,23669.136333333332
2022-07-04,25064.81,23735.494333333332
2022-07-05,23972.22,23783.488
2022-07-06,22115.74,23750.463333333333
2022-07-07,23546.3,23750.000333333333
2022-07-08,23828.7,23786.26566666667
2022-07-09,24097.22,23831.018666666667
2022-07-10,24236.11,23842.284
2022-07-11,23643.52,23820.370333333332
2022-07-12,24212.96,23815.586333333333
2022-07-13,24194.44,23803.39466666667
2022-07-14,23925.93,23795.215666666667
2022-07-15,24518.52,23848.147666666664
2022-07-16,23981.48,23899.073666666667
2022-07-17,22907.41,23907.87
2022-07-18,23611.11,23917.283666666666
2022-07-19,23847.22,23913.73433333333
2022-07-20,22453.7,23849.536666666667
2022-07-21,23384.26,23820.678666666667
2022-07-22,23662.04,23824.073666666667
2022-07-23,23925.93,23847.685
2022-07-24,23365.74,23843.055333333334
2022-07-25,24078.7,23905.092333333334
2022-07-26,24370.37,23944.75266666667
2022-07-27,22953.7,23882.869666666666
2022-07-28,22199.07,23796.141
2022-07-29,22694.44,23731.943333333336
2022-07-30,22731.48,23674.073
2022-07-31,24393.52,23700.307666666668
2022-08-01,24972.22,23710.95566666667
2022-08-02,24791.67,23722.684333333335
2022-08-03,23875.0,23683.024
2022-08-04,23314.81,23661.11033333333
2022-08-05,22657.41,23679.166
2022-08-06,24111.11,23697.993000000002
2022-08-07,24194.44,23710.184333333335
2022-08-08,22546.3,23658.487
2022-08-09,21819.44,23577.931333333334
2022-08-10,23439.81,23571.141
2022-08-11,23430.56,23545.061
2022-08-12,23444.44,23520.060999999998
2022-08-13,24185.19,23528.703
2022-08-14,23805.56,23504.93766666667
2022-08-15,23064.81,23474.382
2022-08-16,23500.0,23494.135000000002
2022-08-17,22754.63,23465.58566666667
2022-08-18,23180.56,23443.363666666668
2022-08-19,23254.63,23470.06133333333
2022-08-20,23462.96,23472.684666666664
2022-08-21,23615.74,23471.141333333337
2022-08-22,22578.7,23426.233666666667
2022-08-23,22893.52,23410.493000000002
2022-08-24,23402.78,23387.962333333337
2022-08-25,22462.96,23324.381999999998
2022-08-26,22143.52,23297.376
2022-08-27,22620.37,23311.419333333335
2022-08-28,24287.04,23364.505999999998
2022-08-29,22439.81,23354.783666666666
2022-08-30,21791.67,23268.055333333334
2022-08-31,24953.7,23267.438000000002
2022-09-01,23055.56,23209.567666666666
2022-09-02,22939.81,23178.394666666667
2022-09-03,23268.52,23176.85166666667
2022-09-04,22875.0,23184.104666666666
2022-09-05,23083.33,23149.845333333335
2022-09-06,23157.41,23115.277666666665
2022-09-07,22564.81,23115.89466666667
2022-09-08,23398.15,23168.51833333333
2022-09-09,24023.15,23187.963
2022-09-10,23018.52,23174.228333333333
2022-09-11,24004.63,23192.901333333335
2022-09-12,22611.11,23140.431999999997
2022-09-13,23185.19,23119.753000000004
2022-09-14,23615.74,23138.117333333335
2022-09-15,24337.96,23166.049333333332
2022-09-16,23537.04,23192.129666666668
2022-09-17,22564.81,23171.604666666666
2022-09-18,22467.59,23145.37
2022-09-19,23837.96,23157.870000000003
2022-09-20,24699.07,23193.980999999996
2022-09-21,22504.63,23191.512
2022-09-22,23888.89,23224.691
2022-09-23,22736.11,23202.468666666664
2022-09-24,22268.52,23195.987333333334
2022-09-25,22546.3,23209.413333333334
2022-09-26,22694.44,23211.88233333333
2022-09-27,23171.3,23174.691000000003
2022-09-28,23634.26,23214.506
2022-09-29,22967.59,23253.70333333333
2022-09-30,23407.41,23202.160333333337
2022-10-01,23199.07,23206.944
2022-10-02,23472.22,23224.691
2022-10-03,24842.59,23277.16
2022-10-04,23912.04,23311.728
2022-10-05,23032.41,23310.03066666667
2022-10-06,23643.52,23326.234333333334
2022-10-07,24768.52,23399.691333333332
2022-10-08,24518.52,23437.037000000004
2022-10-09,23375.0,23415.431999999997
2022-10-10,23800.93,23441.512333333332
2022-10-11,23398.15,23421.296333333335
2022-10-12,23736.11,23458.796333333335
2022-10-13,23833.33,23480.400999999998
2022-10-14,23486.11,23476.079999999998
2022-10-15,24291.67,23474.537
2022-10-16,24087.96,23492.900999999998
2022-10-17,22754.63,23499.228333333333
2022-10-18,22939.81,23514.969
2022-10-19,22657.41,23475.617333333335
2022-10-20,23500.0,23435.648333333334
2022-10-21,23310.19,23462.500333333333
2022-10-22,24439.81,23480.864333333335
2022-10-23,24125.0,23527.16066666667
2022-10-24,23393.52,23564.66066666667
2022-10-25,23990.74,23612.808666666668
2022-10-26,22004.63,23589.815000000002
2022-10-27,21958.33,23549.382666666665
2022-10-28,24412.04,23575.308666666668
2022-10-29,24689.81,23632.716
2022-10-30,24111.11,23656.172666666665
2022-10-31,23333.33,23660.648
2022-11-01,22574.07,23630.70966666667
2022-11-02,24356.48,23614.505999999998
2022-11-03,25337.96,23662.03666666667
2022-11-04,24282.41,23703.70333333333
2022-11-05,24944.44,23747.067333333332
2022-11-06,24268.52,23730.40066666667
2022-11-07,22680.56,23669.13533333333
2022-11-08,23851.85,23685.030333333336
2022-11-09,23777.78,23684.25866666667
2022-11-10,23870.37,23699.999333333333
2022-11-11,24671.3,23731.172333333336
2022-11-12,24319.44,23747.376
2022-11-13,24416.67,23778.394666666667
2022-11-14,24236.11,23776.542666666668
2022-11-15,23898.15,23770.21566666667
2022-11-16,24046.3,23813.271333333334
2022-11-17,24435.19,23863.117333333335
2022-11-18,24435.19,23922.376666666663
2022-11-19,24282.41,23948.457
2022-11-20,23458.33,23953.395
2022-11-21,22745.37,23896.913666666664
2022-11-22,23083.33,23862.191333333332
2022-11-23,23337.96,23860.33933333333
2022-11-24,23805.56,23854.166666666668
2022-11-25,23768.52,23912.962999999996
2022-11-26,24013.89,23981.481666666667
2022-11-27,23736.11,23958.950666666664
2022-11-28,23467.59,23918.210000000003
2022-11-29,25837.96,23975.771666666667
2022-11-30,24995.37,24031.173
2022-12-01,23902.78,24075.463333333333
2022-12-02,23875.0,24059.414
2022-12-03,24046.3,24016.358666666663
2022-12-04,23685.19,23996.451333333334
2022-12-05,22912.04,23928.70466666667
2022-12-06,22712.96,23876.852666666666
2022-12-07,24305.56,23931.019333333334
2022-12-08,24236.11,23943.828
2022-12-09,23291.67,23927.624333333333
2022-12-10,23560.19,23917.285
2022-12-11,23263.89,23870.37133333333
2022-12-12,23041.67,23827.779
2022-12-13,23731.48,23804.939333333332
2022-12-14,24546.3,23815.279
2022-12-15,24550.93,23837.03833333333
2023-01-05,27236.11,23943.365333333335
2023-01-06,27236.11,24036.729333333333
2023-01-07,27236.11,24130.093333333334
2023-01-08,27236.11,24228.55
2023-01-09,27236.11,24354.476000000002
2023-01-10,27236.11,24504.167333333335
2023-01-11,27236.11,24642.59333333333
2023-01-12,27236.11,24772.531666666666
2023-01-13,27236.11,24886.883333333335
2023-01-14,27236.11,25002.469666666668
2023-01-18,25856.48,25063.889333333336
2023-01-19,23856.48,25067.90166666667
2023-01-20,24231.48,25093.364666666665
2023-01-21,23750.0,25023.766
2023-01-22,23384.26,24970.06233333333
2023-01-23,23587.96,24959.568333333333
2023-01-24,24597.22,24983.642333333333
2023-01-25,25490.74,25031.790333333334
2023-01-26,24472.22,25058.024666666668
2023-01-27,23763.89,25086.419666666665
2023-01-28,22800.93,25089.352
2023-01-29,23754.63,25070.987666666668
2023-01-30,23115.74,25033.641999999996
2023-01-31,24115.74,25061.111
2023-02-01,24430.56,25090.123333333333
2023-02-02,24203.7,25121.450333333334
2023-02-03,25388.89,25199.691
2023-02-04,24870.37,25237.654
2023-02-05,24319.44,25230.092
2023-02-06,23925.93,25209.25866666667
2023-02-07,24513.89,25118.517999999996
2023-02-08,23828.7,25004.93766666667
2023-02-09,24972.22,24929.474666666665
2023-02-10,25462.96,24870.369666666666
2023-02-11,24828.7,24790.12266666667
2023-02-12,24638.89,24703.54866666667
2023-02-13,24060.19,24597.684666666668
2023-02-14,24625.0,24510.647666666668
2023-02-15,23421.3,24383.487333333334
2023-02-16,24523.15,24293.05533333333
2023-02-17,25259.26,24273.147999999997
2023-02-18,25430.56,24325.617333333335
2023-02-19,24949.07,24349.537
2023-02-20,23861.11,24353.240666666665
2023-02-21,24462.96,24389.197333333334
2023-02-22,25361.11,24448.302333333337
2023-02-23,24953.7,24460.184999999998
2023-02-24,24101.85,24413.888666666662
2023-02-25,23328.7,24375.771333333334
2023-02-26,22893.52,24346.759000000002
2023-02-27,24851.85,24415.123000000003
2023-02-28,25731.48,24481.018
2023-03-01,26574.07,24596.29566666667
2023-03-02,25504.63,24642.591999999997
2023-03-03,24277.78,24637.499333333333
2023-03-04,24050.93,24632.407000000003
2023-03-05,25500.0,24636.110666666667
2023-03-06,26101.85,24677.16
2023-03-07,24949.07,24698.147666666664
2023-03-08,25337.96,24745.215333333337
2023-03-09,24277.78,24737.344999999998
2023-03-10,23041.67,24711.110666666664
2023-03-11,24125.0,24682.87
2023-03-12,23375.0,24613.271333333334
2023-03-13,23000.0,24552.314666666665
2023-03-14,23212.96,24504.783666666663
2023-03-15,24356.48,24514.66
2023-03-16,23967.59,24492.746333333333
2023-03-17,24685.19,24534.875999999997
2023-03-18,23041.67,24485.493333333336
2023-03-19,23467.59,24425.771
2023-03-20,25287.04,24420.987
2023-03-21,24351.85,24401.07966666667
2023-03-22,22907.41,24369.289666666667
2023-03-23,24736.11,24378.394666666667
2023-03-24,25375.0,24378.857666666667
2023-03-25,24717.59,24370.987333333334
2023-03-26,25791.67,24427.31466666667
2023-03-27,26685.19,24539.197666666663
2023-03-28,23976.85,24575.308666666668
2023-03-29,23888.89,24543.21
2023-03-30,26703.7,24575.617333333335
2023-03-31,26037.04,24557.71633333333
2023-04-01,25967.59,24573.148333333334
2023-04-02,25569.44,24616.203666666665
2023-04-03,25120.37,24651.851666666666
2023-04-04,23513.89,24585.647999999997
2023-04-05,24032.41,24516.666666666668
2023-04-06,24550.93,24503.395333333334
2023-04-07,24351.85,24470.525
2023-04-08,25657.41,24516.512666666666
2023-04-09,23833.33,24542.901333333335
2023-04-10,23606.48,24525.617333333335
2023-04-11,23916.67,24543.673
2023-04-12,23981.48,24576.389000000003
2023-04-13,24060.19,24604.63
2023-04-14,24078.7,24595.370666666662
2023-04-15,25310.19,24640.124
2023-04-16,24027.78,24618.210333333336
2023-04-17,23851.85,24645.216333333334
2023-04-18,24851.85,24691.358333333334
2023-04-19,25842.59,24709.876666666663
2023-04-20,25342.59,24742.901333333335
2023-04-21,24930.56,24810.339666666663
2023-04-22,24879.63,24815.123666666666
2023-04-23,24967.59,24801.54333333333
2023-04-24,23523.15,24761.728666666666
2023-04-25,23675.93,24691.204
2023-04-26,23856.48,24596.913666666667
2023-04-27,24837.96,24625.617333333335
2023-04-28,24537.04,24647.222333333335
2023-04-29,24152.78,24562.191666666666
2023-04-30,24365.74,24506.48166666667
2023-05-01,24226.85,24448.457
2023-05-02,24597.22,24416.049666666666
2023-05-03,25023.15,24412.809
2023-05-04,23708.33,24419.29033333333
2023-05-05,24222.22,24425.617333333335
2023-05-06,24189.81,24413.58
2023-05-07,25546.3,24453.395
2023-05-08,25125.0,24435.648
2023-05-09,24296.3,24451.08033333333
2023-05-10,25500.0,24514.197666666663
2023-05-11,24606.48,24537.191333333336
2023-05-12,25194.44,24577.623333333333
2023-05-13,25379.63,24621.604666666666
2023-05-14,23833.33,24613.425666666662
2023-05-15,24305.56,24579.938000000002
2023-05-16,23574.07,24564.814333333332
2023-05-17,23476.85,24552.314333333336
2023-05-18,24467.59,24539.505666666668
2023-05-19,25453.7,24526.542666666668
2023-05-20,23125.0,24452.623
2023-05-21,23263.89,24397.067333333332
2023-05-22,23875.0,24363.57966666667
2023-05-23,23625.0,24318.826666666668
2023-05-24,23833.33,24329.166
2023-05-25,24296.3,24349.844999999998
2023-05-26,25018.52,24388.57966666667
2023-05-27,25486.11,24410.184666666668
2023-05-28,24796.3,24418.826666666668
2023-05-29,25226.85,24454.629
2023-05-30,26319.44,24519.75233333333
2023-05-31,25194.44,24552.005333333334
2023-06-01,25356.48,24577.314000000002
2023-06-02,25370.37,24588.888
2023-06-03,24472.22,24614.351000000002
2023-06-04,24375.0,24619.443666666666
2023-06-05,25050.93,24648.147666666668
2023-06-06,25050.93,24631.63533333333
2023-06-07,25125.0,24631.63533333333
2023-06-08,25115.74,24658.95
2023-06-09,24935.19,24640.123000000003
2023-06-10,24837.96,24647.838999999996
2023-06-11,24601.85,24628.086
2023-06-12,23305.56,24558.950333333334
2023-06-13,24509.26,24581.481333333337
2023-06-14,24685.19,24594.135666666665
2023-06-15,24583.33,24627.77766666667
2023-06-16,24384.26,24658.024666666668
2023-06-17,23865.74,24637.963
2023-06-18,23310.19,24566.512666666666
2023-06-19,23736.11,24586.882999999998
2023-06-20,24537.04,24629.321333333333
2023-06-21,25157.41,24672.068333333336
2023-06-22,25217.59,24725.154666666665
2023-06-23,26134.26,24801.852333333336
2023-06-24,25597.22,24845.216333333334
2023-06-25,24629.63,24832.253333333334
2023-06-26,24981.48,24815.432333333334
2023-06-27,24666.67,24811.11133333333
2023-06-28,24449.07,24785.18533333333
2023-06-29,25162.04,24746.605333333333
2023-06-30,24652.78,24728.55
2023-07-01,22717.59,24640.587
2023-07-02,23995.37,24594.753666666667
2023-07-03,24777.78,24604.939000000002
2023-07-04,24347.22,24604.013
2023-07-05,24606.48,24589.197999999997
2023-07-06,23587.96,24540.432333333334
2023-07-07,24726.85,24527.16066666667
2023-07-08,24712.96,24513.734666666667
2023-07-09,24282.41,24491.975333333332
2023-07-10,25208.33,24504.321
2023-07-11,24629.63,24505.247
2023-07-12,24513.89,24545.524666666668
2023-07-13,25208.33,24568.826999999997
2023-07-14,25064.81,24581.481000000003
2023-07-15,24486.11,24578.24033333333
2023-07-16,23810.19,24559.104666666663
2023-07-17,23726.85,24554.475
2023-07-18,23342.59,24555.555
2023-07-19,24652.78,24586.110666666667
2023-07-20,24078.7,24570.832666666665
2023-07-21,23402.78,24512.344999999998
2023-07-22,23763.89,24463.888333333332
2023-07-23,24064.81,24394.906666666666
2023-07-24,24652.78,24363.425333333333
2023-07-25,23652.78,24330.863666666668
2023-07-26,23263.89,24273.610666666667
2023-07-27,25111.11,24288.425333333333
2023-07-28,25750.0,24331.789666666667
2023-07-29,25046.3,24327.931666666664
2023-07-30,25027.78,24340.431666666664
2023-07-31,24444.44,24397.993333333336
2023-08-01,24416.67,24412.036666666667
2023-08-02,24430.56,24400.462666666666
2023-08-03,25037.04,24423.456666666665
2023-08-04,24648.15,24424.845666666668
2023-08-05,24226.85,24446.141999999996
2023-08-06,23277.78,24397.839666666663
2023-08-07,23703.7,24364.197666666667
2023-08-08,24032.41,24355.86433333333
2023-08-09,25351.85,24360.64833333333
2023-08-10,24828.7,24367.284
2023-08-11,23449.07,24331.789999999997
2023-08-12,24212.96,24298.611
2023-08-13,23324.07,24240.586333333333
2023-08-14,22657.41,24179.629666666668
2023-08-15,24583.33,24205.401
2023-08-16,24212.96,24221.604666666663
2023-08-17,25236.11,24284.722
2023-08-18,25416.67,24310.184999999998
2023-08-19,24666.67,24329.784
2023-08-20,24328.7,24360.647999999997
2023-08-21,24986.11,24401.388666666662
2023-08-22,24032.41,24400.308666666668
2023-08-23,25625.0,24432.716
2023-08-24,23745.37,24435.802333333333
2023-08-25,23643.52,24448.456666666665
2023-08-26,23847.22,24406.326999999997
2023-08-27,25004.63,24381.481333333333
2023-08-28,24759.26,24371.913333333334
2023-08-29,24064.81,24339.814333333336
2023-08-30,25319.44,24368.980999999996
2023-08-31,24212.96,24362.190666666665
2023-09-01,24078.7,24350.462
2023-09-02,24444.44,24330.708666666666
2023-09-03,24814.81,24336.264000000003
2023-09-04,22824.07,24289.504666666668
2023-09-05,22685.19,24269.751666666667
2023-09-06,23629.63,24267.282666666666
2023-09-07,25134.26,24304.011000000002
2023-09-08,24699.07,24282.251666666667
2023-09-09,24837.96,24282.56033333333
2023-09-10,24069.44,24303.239333333335
2023-09-11,23203.7,24269.59733333333
2023-09-12,23240.74,24266.819666666666
2023-09-13,24851.85,24339.967666666664
2023-09-14,24550.93,24338.887666666666
2023-09-15,24231.48,24339.505
2023-09-16,24185.19,24304.47433333333
2023-09-17,24402.78,24270.678
2023-09-18,23805.56,24241.97433333333
2023-09-19,24652.78,24252.777000000002
2023-09-20,22560.19,24171.913
2023-09-21,23472.22,24153.239999999998
2023-09-22,24532.41,24116.820333333333
2023-09-23,23907.41,24122.221666666668
2023-09-24,23476.85,24116.666
2023-09-25,23898.15,24118.363666666668
2023-09-26,24018.52,24085.493333333336
2023-09-27,23865.74,24055.709333333336
2023-09-28,24638.89,24074.845333333335
2023-09-29,25287.04,24073.765333333333
2023-09-30,25689.81,24122.99366666667
2023-10-01,24037.04,24121.605
2023-10-02,23101.85,24076.852000000003
2023-10-03,23287.04,24025.92633333333
2023-10-04,23435.19,24046.297000000002
2023-10-05,23523.15,24074.229
2023-10-06,24046.3,24088.118
2023-10-07,24356.48,24062.191999999995
2023-10-08,23972.22,24037.963666666667
2023-10-09,23546.3,23994.908333333333
2023-10-10,22675.93,23948.458
2023-10-11,24916.67,24005.556999999997
2023-10-12,25092.59,24067.285333333337
2023-10-13,24351.85,24050.61866666667
2023-10-14,23250.0,24007.254333333334
2023-10-15,22212.96,23939.970333333335
2023-10-16,23601.85,23920.525666666665
2023-10-17,23356.48,23885.649
2023-10-18,23018.52,23859.41433333333
2023-10-19,24342.59,23849.074666666667
2023-10-20,23976.85,23896.29666666667
2023-10-21,23796.3,23907.099333333335
2023-10-22,23555.56,23874.537666666667
2023-10-23,23236.11,23852.161
2023-10-24,24125.0,23873.766
2023-10-25,23949.07,23875.463333333333
2023-10-26,24018.52,23875.46333333333
2023-10-27,22064.81,23815.432333333334
2023-10-28,23268.52,23769.753333333334
2023-10-29,22666.67,23682.407666666666
2023-10-30,23171.3,23598.457333333332
2023-10-31,22337.96,23541.82133333333
2023-11-01,23578.7,23557.716333333334
2023-11-02,24185.19,23587.654666666665
2023-11-03,24120.37,23610.494
2023-11-04,24592.59,23646.142
2023-11-05,24967.59,23676.85166666667
2023-11-06,24300.93,23675.0
2023-11-07,23666.67,23664.815
2023-11-08,24763.89,23705.401333333335
2023-11-09,23865.74,23745.061666666665
2023-11-10,24546.3,23732.716
2023-11-11,24648.15,23717.90133333333
2023-11-12,24111.11,23709.876666666667
2023-11-13,25037.04,23769.444666666666
2023-11-14,25111.11,23866.049666666666
2023-11-15,24888.89,23908.951
2023-11-16,24101.85,23933.796666666665
2023-11-17,23370.37,23945.525
2023-11-18,22981.48,23900.154666666665
2023-11-19,23087.96,23870.525
2023-11-20,23870.37,23872.994
2023-11-21,23875.0,23883.642
2023-11-22,25212.96,23949.537
2023-11-23,24046.3,23946.913666666667
2023-11-24,23328.7,23926.234666666664
2023-11-25,24458.33,23940.895000000004
2023-11-26,25754.63,24063.889000000003
2023-11-27,25865.74,24150.463
2023-11-28,24944.44,24226.38866666667
2023-11-29,25504.63,24304.166333333334
2023-11-30,26212.96,24433.333
2023-12-01,24263.89,24456.172666666665
2023-12-02,22194.44,24389.814333333336
2023-12-03,22763.89,24344.598333333335
2023-12-04,23402.78,24304.938
2023-12-05,24842.59,24300.771333333334
2023-12-06,24745.37,24315.586000000003
2023-12-07,24171.3,24332.407
2023-12-08,23601.85,24293.672333333332
2023-12-09,23777.78,24290.74033333333
2023-12-10,24449.07,24287.499333333333
2023-12-11,24314.81,24276.388
2023-12-12,24629.63,24293.672
2023-12-13,23666.67,24247.993000000002
2023-12-14,24189.81,24217.283
2023-12-15,25023.15,24221.758333333335
2024-01-05,27236.11,24326.233666666667
2024-01-06,27236.11,24455.091666666667
2024-01-07,27236.11,24596.912666666667
2024-01-08,27236.11,24735.184333333335
2024-01-09,27236.11,24847.375666666667
2024-01-10,27236.11,24959.412666666667
2024-01-11,27236.11,25026.851000000002
2024-01-12,27236.11,25133.178
2024-01-13,27236.11,25263.425
2024-01-14,27236.11,25356.017666666663
2024-01-18,25444.44,25345.678
2024-01-19,24481.48,25299.536
2024-01-20,24402.78,25281.480666666666
2024-01-21,23023.15,25198.76466666667
2024-01-22,23953.7,25123.456000000002
2024-01-23,25199.07,25154.628666666667
2024-01-24,23453.7,25196.604
2024-01-25,23726.85,25228.702666666664
2024-01-26,25902.78,25312.036000000004
2024-01-27,24268.52,25292.900333333335
2024-01-28,24722.22,25292.128666666667
2024-01-29,23921.3,25283.79533333333
2024-01-30,24277.78,25306.326333333334
2024-01-31,24532.41,25331.480666666666
2024-02-01,24453.7,25331.635
2024-02-02,24416.67,25335.030333333336
2024-02-03,24680.56,25336.728000000003
2024-02-04,23421.3,25328.549
2024-02-05,22884.26,25285.03066666667
2024-02-06,23726.85,25241.820666666667
2024-02-07,25148.15,25172.222
2024-02-08,23675.93,25053.549333333336
2024-02-09,23708.33,24935.956666666665
2024-02-10,23689.81,24817.746666666662
2024-02-11,24356.48,24721.759000000002
2024-02-12,25268.52,24656.172666666665
2024-02-13,24189.81,24554.629333333334
2024-02-14,23796.3,24439.969
2024-02-15,24643.52,24353.549333333332
2024-02-16,23777.78,24238.271666666667
2024-02-17,24004.63,24190.278
2024-02-18,24412.04,24187.963333333333
2024-02-19,24550.93,24192.901666666665
2024-02-20,23944.44,24223.61133333333
2024-02-21,23435.19,24206.327666666664
2024-02-22,24537.04,24184.260000000002
2024-02-23,24194.44,24208.951333333334
2024-02-24,24050.93,24219.754
2024-02-25,24597.22,24176.23533333333
2024-02-26,25388.89,24213.581
2024-02-27,25138.89,24227.469999999998
2024-02-28,24351.85,24241.821666666667
2024-02-29,23472.22,24214.969666666668
2024-03-01,24097.22,24200.463333333333
2024-03-02,24523.15,24202.778333333335
2024-03-03,23129.63,24159.877
2024-03-04,23157.41,24109.10533333333
2024-03-05,23458.33,24110.33966666667
2024-03-06,23310.19,24124.537333333334
2024-03-07,24004.63,24133.79666666667
2024-03-08,24430.56,24109.877
2024-03-09,24398.15,24133.950999999997
2024-03-10,24310.19,24154.013
2024-03-11,23467.59,24146.605666666666
2024-03-12,24444.44,24149.537666666667
2024-03-13,24555.56,24125.772333333334
2024-03-14,24736.11,24143.982333333333
2024-03-15,24865.74,24179.63033333333
2024-03-16,24388.89,24171.142666666667
2024-03-17,24175.93,24184.414333333334
2024-03-18,24828.7,24211.883333333335
2024-03-19,24916.67,24228.704333333335
2024-03-20,24680.56,24233.025333333335
2024-03-21,23819.44,24228.858666666667
2024-03-22,24351.85,24259.414
2024-03-23,25601.85,24294.907666666666
2024-03-24,25083.33,24324.537333333337
2024-03-25,24074.07,24325.308666666668
2024-03-26,25013.89,24339.197666666667
2024-03-27,25018.52,24326.852000000003
2024-03-28,24166.67,24294.444666666666
2024-03-29,23027.78,24250.309
2024-03-30,25027.78,24302.161000000004
2024-03-31,25291.67,24341.976000000002
2024-04-01,25921.3,24388.581
2024-04-02,25273.15,24460.031666666666
2024-04-03,24615.74,24508.642666666667
2024-04-04,23458.33,24508.642666666663
2024-04-05,23898.15,24528.24133333333
2024-04-06,24620.37,24548.766
2024-04-07,24490.74,24550.771999999997
2024-04-08,24555.56,24556.019000000004
2024-04-09,23263.89,24521.142333333333
2024-04-10,23546.3,24523.766
2024-04-11,25634.26,24563.426666666663
2024-04-12,24277.78,24554.167333333335
2024-04-13,24328.7,24540.587
2024-04-14,23930.56,24509.414333333334
2024-04-15,24208.33,24503.395666666667
2024-04-16,22861.11,24459.568333333333
2024-04-17,24583.33,24451.389333333336
2024-04-18,24328.7,24431.79033333333
2024-04-19,24583.33,24428.549333333336
2024-04-20,23092.59,24404.321
2024-04-21,24648.15,24414.197666666667
2024-04-22,24148.15,24365.740999999998
2024-04-23,24606.48,24349.846
2024-04-24,24416.67,24361.266
2024-04-25,25347.22,24372.377
2024-04-26,25291.67,24381.482
2024-04-27,25481.48,24425.309
2024-04-28,25231.48,24498.765666666666
2024-04-29,23981.48,24463.889000000003
2024-04-30,23870.37,24416.512333333332
2024-05-01,24541.67,24370.524666666668
2024-05-02,23319.44,24305.401
2024-05-03,23129.63,24255.864
2024-05-04,23865.74,24269.444333333337
2024-05-05,24305.56,24283.024666666668
2024-05-06,24875.0,24291.512333333332
2024-05-07,24199.07,24281.79
2024-05-08,22888.89,24226.234333333334
2024-05-09,24601.85,24270.833
2024-05-10,25027.78,24320.21566666667
2024-05-11,25601.85,24319.135333333335
2024-05-12,24245.37,24318.055
2024-05-13,24148.15,24312.03666666667
2024-05-14,25555.56,24366.20333333333
2024-05-15,25166.67,24398.148
2024-05-16,24351.85,24447.839333333333
2024-05-17,24569.44,24447.37633333333
2024-05-18,24421.3,24450.463
2024-05-19,23768.52,24423.302666666666
2024-05-20,24064.81,24455.71
2024-05-21,24375.0,24446.604999999996
2024-05-22,24078.7,24444.29
2024-05-23,24449.07,24439.042999999998
2024-05-24,25828.7,24486.110666666667
2024-05-25,24675.93,24463.734333333334
2024-05-26,24064.81,24422.839
2024-05-27,22824.07,24334.25866666667
2024-05-28,23726.85,24284.104333333333
2024-05-29,23666.67,24273.610666666664
2024-05-30,24430.56,24292.283666666666
2024-05-31,24680.56,24296.913333333334
2024-06-01,23750.0,24311.265333333333
2024-06-02,23277.78,24316.203666666665
2024-06-03,23666.67,24309.567999999996
2024-06-04,24032.41,24300.463
2024-06-05,23560.19,24256.636000000002
2024-06-06,24574.07,24269.136
2024-06-07,25180.56,24345.525
2024-06-08,24694.44,24348.61133333333
2024-06-09,24194.44,24320.833333333332
2024-06-10,23930.56,24265.123666666666
2024-06-11,24425.93,24271.142333333333
2024-06-12,23740.74,24257.561999999998
2024-06-13,24680.56,24228.395333333334
2024-06-14,24962.96,24221.605
2024-06-15,23166.67,24182.099
2024-06-16,23685.19,24152.624000000003
2024-06-17,24166.67,24144.136333333332
2024-06-18,23828.7,24146.142333333333
2024-06-19,24097.22,24147.22266666667
2024-06-20,24944.44,24166.204
2024-06-21,24421.3,24177.624
2024-06-22,23425.93,24143.519333333337
2024-06-23,23342.59,24060.648999999998
2024-06-24,24328.7,24049.074666666667
2024-06-25,23625.0,24034.41433333333
2024-06-26,24703.7,24097.06866666667
2024-06-27,23546.3,24091.050333333333
2024-06-28,23629.63,24089.815666666665
2024-06-29,24763.89,24100.926666666663
2024-06-30,24759.26,24103.55
2024-07-01,24689.81,24134.877
2024-07-02,24972.22,24191.358333333334
2024-07-03,23805.56,24195.988
2024-07-04,23990.74,24194.599
2024-07-05,24009.26,24209.567999999996
2024-07-06,23453.7,24172.222333333335
2024-07-07,23782.41,24125.61733333333
2024-07-08,24532.41,24120.216333333334
2024-07-09,23254.63,24088.889333333336
2024-07-10,23351.85,24069.599
2024-07-11,24847.22,24083.642
2024-07-12,25509.26,24142.592666666664
2024-07-13,23620.37,24107.253
2024-07-14,25259.26,24117.129666666664
2024-07-15,23925.93,24142.438333333335
2024-07-16,24777.78,24178.858
2024-07-17,23981.48,24172.685
2024-07-18,23708.33,24168.672666666665
2024-07-19,23416.67,24145.987666666668
2024-07-20,25143.52,24152.62366666667
2024-07-21,25500.0,24188.580333333335
2024-07-22,26106.48,24277.931999999997
2024-07-23,24842.59,24327.931999999997
2024-07-24,24296.3,24326.852000000003
2024-07-25,24476.85,24355.247
2024-07-26,24981.48,24364.50633333333
2024-07-27,23407.41,24359.876666666667
2024-07-28,23101.85,24342.284
2024-07-29,23685.19,24306.32733333333
2024-07-30,25375.0,24326.852
2024-07-31,25291.67,24346.914
2024-08-01,24574.07,24333.642333333333
2024-08-02,24768.52,24365.740999999998
2024-08-03,23750.0,24357.716333333334
2024-08-04,24004.63,24357.561999999998
2024-08-05,23611.11,24362.808999999997
2024-08-06,22328.7,24314.352000000003
2024-08-07,23013.89,24263.734666666667
2024-08-08,25078.7,24324.537
2024-08-09,25495.37,24395.987666666668
2024-08-10,24861.11,24396.450666666664
2024-08-11,24185.19,24352.315000000002
2024-08-12,24069.44,24367.284
2024-08-13,24199.07,24331.944333333337
2024-08-14,24083.33,24337.191
2024-08-15,24064.81,24313.425333333333
2024-08-16,22898.15,24277.314333333332
2024-08-17,23782.41,24279.783666666666
2024-08-18,24125.0,24303.394666666667
2024-08-19,23222.22,24239.351333333332
2024-08-20,23560.19,24174.691
2024-08-21,23958.33,24103.086
2024-08-22,24000.0,24074.999666666667
2024-08-23,23981.48,24064.505666666664
2024-08-24,22986.11,24014.814333333332
2024-08-25,23384.26,23961.573666666667
2024-08-26,24657.41,24003.24033333333
2024-08-27,24564.81,24052.005666666668
2024-08-28,24416.67,24076.388333333332
2024-08-29,24226.85,24038.116666666665
2024-08-30,24541.67,24013.116666666665
2024-08-31,23810.19,23987.654
2024-09-01,24305.56,23972.222
2024-09-02,22967.59,23946.141666666666
2024-09-03,23925.93,23943.518333333333
2024-09-04,24097.22,23959.722
2024-09-05,23435.19,23996.605
2024-09-06,22930.56,23993.82733333333
2024-09-07,24120.37,23961.882999999998
2024-09-08,24953.7,23943.827333333335
2024-09-09,24699.07,23938.426
2024-09-10,24703.7,23955.709666666666
2024-09-11,23773.15,23945.833333333332
2024-09-12,23662.04,23927.932333333334
2024-09-13,23796.3,23918.36466666667
2024-09-14,24675.93,23938.73533333333
2024-09-15,23592.59,23961.883333333335
2024-09-16,24148.15,23974.074666666667
2024-09-17,25208.33,24010.185666666668
2024-09-18,23949.07,24034.414
2024-09-19,23023.15,24016.512666666666
2024-09-20,23995.37,24017.747333333336
2024-09-21,24569.44,24036.728666666666
2024-09-22,24101.85,24040.740999999998
2024-09-23,24046.3,24076.08066666667
2024-09-24,22768.52,24055.556
2024-09-25,21898.15,23963.58066666667
2024-09-26,23606.48,23931.636333333332
2024-09-27,23967.59,23916.667
2024-09-28,24486.11,23925.309
2024-09-29,24074.07,23909.722333333335
2024-09-30,24805.56,23942.90133333333
2024-10-01,24712.96,23956.481333333337
2024-10-02,24467.59,24006.481333333337
2024-10-03,23972.22,24008.02433333333
2024-10-04,23199.07,23978.086000000003
2024-10-05,23050.93,23965.27733333333
2024-10-06,23703.7,23991.04866666667
2024-10-07,24750.0,24012.036333333337
2024-10-08,25037.04,24014.814333333332
2024-10-09,23662.04,23980.246666666666
2024-10-10,23689.81,23946.450333333334
2024-10-11,25134.26,23991.820666666667
2024-10-12,23152.78,23974.845333333335
2024-10-13,23439.81,23962.962333333333
2024-10-14,22796.3,23900.308
2024-10-15,24060.19,23915.89466666667
2024-10-16,23773.15,23903.39466666667
2024-10-17,23060.19,23831.789999999997
2024-10-18,23578.7,23819.444333333333
2024-10-19,22949.07,23816.975
2024-10-20,24629.63,23838.117000000002
2024-10-21,24032.41,23820.216
2024-10-22,24027.78,23817.746999999996
2024-10-23,24490.74,23832.561666666665
2024-10-24,23194.44,23846.759000000002
2024-10-25,23259.26,23892.129333333334
2024-10-26,24125.0,23909.413333333334
2024-10-27,25194.44,23950.308333333334
2024-10-28,24856.48,23962.654
2024-10-29,23986.11,23959.721999999998
2024-10-30,23601.85,23919.598333333335
2024-10-31,23310.19,23872.83933333333
2024-11-01,24296.3,23867.129666666668
2024-11-02,23995.37,23867.901333333335
2024-11-03,23351.85,23872.994
2024-11-04,22925.93,23868.827333333335
2024-11-05,23398.15,23858.64233333333
2024-11-06,23587.96,23819.907666666666
2024-11-07,23393.52,23765.123666666666
2024-11-08,24027.78,23777.315
2024-11-09,24398.15,23800.926333333333
2024-11-10,25064.81,23798.611333333338
2024-11-11,24347.22,23838.426
2024-11-12,23935.19,23854.938666666665
2024-11-13,24194.44,23901.543333333335
2024-11-14,24236.11,23907.407333333333
2024-11-15,24486.11,23931.17266666667
2024-11-16,24958.33,23994.444
2024-11-17,24740.74,24033.178666666667
2024-11-18,23685.19,24057.716
2024-11-19,24574.07,24055.863999999998
2024-11-20,24472.22,24070.52433333334
2024-11-21,24476.85,24085.493333333336
2024-11-22,23462.96,24051.234
2024-11-23,24375.0,24090.586
2024-11-24,24347.22,24126.851333333332
2024-11-25,24282.41,24132.09833333333
2024-11-26,23981.48,24091.666333333334
2024-11-27,24523.15,24080.555333333334
2024-11-28,23703.7,24071.141666666666
2024-11-29,23888.89,24080.709666666666
2024-11-30,23402.78,24083.796
2024-12-01,23879.63,24069.907
2024-12-02,23745.37,24061.573666666667
2024-12-03,22833.33,24044.289666666664
2024-12-04,24902.78,24110.184666666668
2024-12-05,24597.22,24150.153666666665
2024-12-06,24194.44,24170.369666666666
2024-12-07,23305.56,24167.43766666667
2024-12-08,22277.78,24109.104333333333
2024-12-09,22634.26,24050.308
2024-12-10,22828.7,23975.771
2024-12-11,23013.89,23931.326666666664
2024-12-12,24365.74,23945.678333333337
2024-12-13,23629.63,23926.851333333332
2024-12-14,24449.07,23933.95
2024-12-15,24981.48,23950.462333333333
