Date,inflation_rate,unemployment_rate,inflation_rate_MA30,unemployment_rate_MA30
2021-01-05,10.0,9.55,,
2021-01-06,10.0,9.55,,
2021-01-07,10.0,9.55,,
2021-01-08,10.0,9.55,,
2021-01-09,10.0,9.55,,
2021-01-10,10.0,9.55,,
2021-01-11,10.0,9.55,,
2021-01-12,10.0,9.55,,
2021-01-13,10.0,9.55,,
2021-01-14,10.0,9.55,,
2021-01-18,2.03,5.28,,
2021-01-19,2.28,6.19,,
2021-01-20,1.56,6.97,,
2021-01-21,1.67,7.25,,
2021-01-22,2.3,6.12,,
2021-01-23,3.11,7.99,,
2021-01-24,2.67,6.29,,
2021-01-25,2.74,5.41,,
2021-01-26,2.63,5.04,,
2021-01-27,2.32,7.14,,
2021-01-28,2.6,7.3,,
2021-01-29,2.12,7.46,,
2021-01-30,1.13,7.82,,
2021-01-31,2.88,6.7,,
2021-02-01,2.56,5.63,,
2021-02-02,2.79,7.14,,
2021-02-03,2.27,6.77,,
2021-02-04,1.44,7.33,,
2021-02-05,1.73,6.43,,
2021-02-06,2.35,6.19,4.839333333333333,7.598333333333334
2021-02-07,1.83,7.07,4.566999999999999,7.515666666666666
2021-02-08,1.93,7.78,4.298,7.456666666666667
2021-02-09,2.04,7.39,4.032666666666667,7.384666666666666
2021-02-10,2.9,6.43,3.796,7.280666666666667
2021-02-11,2.61,7.01,3.5496666666666665,7.196
2021-02-12,2.09,7.94,3.286,7.142333333333332
2021-02-13,2.23,6.03,3.027,7.025
2021-02-14,2.06,7.16,2.7623333333333333,6.945333333333334
2021-02-15,2.53,6.49,2.5133333333333336,6.843333333333333
2021-02-16,2.73,5.08,2.271,6.694333333333334
2021-02-17,1.9,6.57,2.2666666666666666,6.737333333333334
2021-02-18,2.36,5.05,2.2693333333333334,6.699333333333334
2021-02-19,2.46,5.43,2.299333333333333,6.648
2021-02-20,3.66,5.85,2.365666666666667,6.601333333333334
2021-02-21,3.59,7.27,2.4086666666666665,6.639666666666667
2021-02-22,3.14,7.93,2.4096666666666664,6.637666666666666
2021-02-23,2.94,7.34,2.4186666666666663,6.672666666666667
2021-02-24,2.82,5.76,2.4213333333333336,6.684333333333333
2021-02-25,1.95,5.56,2.3986666666666667,6.701666666666666
2021-02-26,1.95,5.87,2.3863333333333334,6.6593333333333335
2021-02-27,1.92,5.3,2.3636666666666666,6.592666666666667
2021-02-28,3.39,4.77,2.4059999999999997,6.503
2021-03-01,2.79,5.17,2.4613333333333336,6.414666666666666
2021-03-02,3.37,5.75,2.477666666666667,6.383
2021-03-03,3.41,6.57,2.5060000000000002,6.414333333333333
2021-03-04,2.12,6.9,2.4836666666666667,6.406333333333333
2021-03-05,2.85,6.61,2.503,6.401
2021-03-06,2.74,6.14,2.5463333333333336,6.3613333333333335
2021-03-07,3.0,4.59,2.5886666666666667,6.3
2021-03-08,3.6,4.18,2.6303333333333336,6.233
2021-03-09,2.88,6.65,2.6653333333333333,6.218999999999999
2021-03-10,2.2,6.23,2.6743333333333337,6.167333333333333
2021-03-11,2.45,6.43,2.688,6.1353333333333335
2021-03-12,2.46,7.34,2.6733333333333333,6.165666666666667
2021-03-13,1.86,7.12,2.6483333333333334,6.169333333333333
2021-03-14,2.73,6.21,2.6696666666666666,6.111666666666666
2021-03-15,3.35,5.9,2.707,6.107333333333333
2021-03-16,2.95,6.55,2.7366666666666664,6.087
2021-03-17,2.99,6.12,2.752,6.074666666666667
2021-03-18,2.19,5.96,2.7340000000000004,6.104
2021-03-19,2.79,4.64,2.7636666666666665,6.039666666666666
2021-03-20,2.88,4.58,2.781,6.024
2021-03-21,3.69,5.02,2.8220000000000005,6.0103333333333335
2021-03-22,3.17,5.95,2.8056666666666668,6.0136666666666665
2021-03-23,3.53,5.91,2.8036666666666665,5.968333333333334
2021-03-24,3.35,6.59,2.810666666666667,5.923666666666667
2021-03-25,3.85,6.58,2.841,5.8983333333333325
2021-03-26,3.01,6.29,2.8473333333333333,5.916
2021-03-27,3.16,6.01,2.8876666666666666,5.931
2021-03-28,3.42,8.17,2.936666666666667,6.007666666666666
2021-03-29,2.74,6.9,2.964,6.060999999999999
2021-03-30,2.63,5.53,2.938666666666667,6.086333333333333
2021-03-31,2.07,3.72,2.9146666666666667,6.037999999999999
2021-04-01,2.92,6.54,2.8996666666666666,6.064333333333333
2021-04-02,3.04,8.11,2.8873333333333333,6.115666666666667
2021-04-03,2.26,7.68,2.892,6.141666666666667
2021-04-04,1.8,7.36,2.8569999999999998,6.166666666666667
2021-04-05,1.97,7.73,2.8313333333333333,6.219666666666667
2021-04-06,3.22,6.84,2.838666666666667,6.294666666666666
2021-04-07,4.06,6.94,2.8539999999999996,6.386666666666668
2021-04-08,2.98,6.66,2.8573333333333335,6.3870000000000005
2021-04-09,0.85,4.19,2.812333333333333,6.319000000000001
2021-04-10,2.61,5.84,2.8176666666666668,6.299333333333334
2021-04-11,3.87,5.99,2.8646666666666665,6.254333333333333
2021-04-12,2.7,6.43,2.8926666666666665,6.231333333333334
2021-04-13,2.63,5.79,2.889333333333333,6.2173333333333325
2021-04-14,2.73,5.78,2.868666666666667,6.213333333333334
2021-04-15,2.63,6.25,2.8579999999999997,6.203333333333333
2021-04-16,3.17,6.94,2.864,6.230666666666666
2021-04-17,2.66,7.23,2.879666666666666,6.273
2021-04-18,2.02,5.61,2.854,6.3053333333333335
2021-04-19,1.25,5.76,2.799666666666667,6.344666666666667
2021-04-20,1.9,5.35,2.7399999999999998,6.355666666666667
2021-04-21,2.74,5.93,2.7256666666666667,6.355
2021-04-22,2.93,7.16,2.7056666666666667,6.3966666666666665
2021-04-23,3.25,5.87,2.7023333333333333,6.3726666666666665
2021-04-24,1.94,6.1,2.6386666666666665,6.356666666666667
2021-04-25,1.92,4.74,2.602333333333333,6.304999999999999
2021-04-26,2.81,6.72,2.5906666666666665,6.328666666666666
2021-04-27,2.52,7.41,2.5606666666666666,6.303333333333334
2021-04-28,1.94,6.79,2.5340000000000003,6.299666666666667
2021-04-29,2.77,5.07,2.5386666666666664,6.2843333333333335
2021-04-30,3.01,6.88,2.57,6.389666666666667
2021-05-01,3.44,6.36,2.5873333333333335,6.3836666666666675
2021-05-02,2.2,5.16,2.559333333333333,6.285333333333333
2021-05-03,2.24,5.8,2.558666666666667,6.222666666666666
2021-05-04,2.14,6.27,2.5700000000000003,6.186333333333334
2021-05-05,2.36,5.41,2.5829999999999997,6.108999999999999
2021-05-06,2.63,5.27,2.563333333333333,6.0566666666666675
2021-05-07,4.2,7.8,2.568,6.085333333333333
2021-05-08,2.31,6.23,2.545666666666667,6.071
2021-05-09,3.19,6.2,2.623666666666667,6.138
2021-05-10,3.22,5.78,2.6439999999999997,6.135999999999999
2021-05-11,3.58,6.88,2.634333333333333,6.165666666666667
2021-05-12,3.46,7.56,2.659666666666667,6.203333333333333
2021-05-13,2.63,6.51,2.659666666666667,6.227333333333334
2021-05-14,1.54,6.07,2.62,6.237
2021-05-15,2.03,7.37,2.6,6.274333333333334
2021-05-16,2.09,6.49,2.564,6.259333333333333
2021-05-17,2.48,6.45,2.558,6.233333333333333
2021-05-18,2.01,7.91,2.557666666666667,6.3100000000000005
2021-05-19,1.57,8.71,2.5683333333333334,6.408333333333333
2021-05-20,2.8,8.11,2.5983333333333336,6.500333333333333
2021-05-21,3.36,7.8,2.6189999999999998,6.562666666666667
2021-05-22,1.9,5.85,2.5846666666666667,6.519
2021-05-23,2.12,6.54,2.5469999999999997,6.541333333333332
2021-05-24,1.71,7.37,2.5393333333333334,6.583666666666667
2021-05-25,1.93,7.55,2.5396666666666667,6.677333333333334
2021-05-26,3.21,6.61,2.553,6.673666666666667
2021-05-27,3.3,5.95,2.579,6.625
2021-05-28,2.68,5.85,2.603666666666667,6.593666666666667
2021-05-29,2.81,6.28,2.6049999999999995,6.634
2021-05-30,3.43,5.51,2.6189999999999998,6.588333333333334
2021-05-31,2.44,5.62,2.5856666666666666,6.563666666666666
2021-06-01,1.66,6.17,2.5676666666666668,6.597333333333333
2021-06-02,2.2,6.93,2.566333333333333,6.635000000000001
2021-06-03,2.88,7.48,2.5909999999999997,6.675333333333333
2021-06-04,2.28,6.9,2.588333333333333,6.725
2021-06-05,2.99,6.54,2.6003333333333334,6.767333333333334
2021-06-06,2.41,5.92,2.5406666666666666,6.704666666666667
2021-06-07,2.11,5.84,2.534,6.691666666666666
2021-06-08,1.99,5.63,2.4939999999999998,6.672666666666667
2021-06-09,2.63,7.35,2.4743333333333335,6.725
2021-06-10,2.52,7.46,2.439,6.7443333333333335
2021-06-11,3.12,7.39,2.4276666666666666,6.738666666666666
2021-06-12,3.47,5.62,2.4556666666666667,6.709
2021-06-13,3.46,7.29,2.5196666666666663,6.749666666666667
2021-06-14,1.99,6.36,2.5183333333333335,6.715999999999999
2021-06-15,2.01,5.17,2.5156666666666667,6.672
2021-06-16,2.7,5.88,2.523,6.6530000000000005
2021-06-17,1.59,8.21,2.509,6.662999999999999
2021-06-18,1.72,8.29,2.5140000000000002,6.649
2021-06-19,2.27,6.57,2.4963333333333333,6.597666666666667
2021-06-20,3.33,7.09,2.4953333333333334,6.574
2021-06-21,2.77,7.35,2.5243333333333333,6.624
2021-06-22,3.3,5.34,2.563666666666667,6.5840000000000005
2021-06-23,3.38,5.23,2.619333333333333,6.512666666666666
2021-06-24,3.18,7.2,2.6610000000000005,6.501
2021-06-25,2.05,6.03,2.622333333333333,6.481666666666667
2021-06-26,2.86,5.29,2.607666666666667,6.459666666666666
2021-06-27,3.14,6.63,2.6229999999999998,6.485666666666666
2021-06-28,3.23,6.97,2.6370000000000005,6.508666666666667
2021-06-29,2.14,6.45,2.594,6.54
2021-06-30,2.24,5.03,2.5873333333333335,6.520333333333332
2021-07-01,2.99,6.54,2.631666666666667,6.5326666666666675
2021-07-02,3.05,7.36,2.6599999999999997,6.547
2021-07-03,1.87,5.08,2.626333333333333,6.4670000000000005
2021-07-04,1.91,5.74,2.614,6.428333333333333
2021-07-05,1.53,7.13,2.5653333333333332,6.4479999999999995
2021-07-06,2.2,7.65,2.558333333333333,6.5056666666666665
2021-07-07,3.53,7.82,2.6056666666666666,6.571666666666667
2021-07-08,3.3,6.43,2.6493333333333333,6.598333333333333
2021-07-09,2.54,8.02,2.646333333333333,6.620666666666667
2021-07-10,2.88,6.33,2.658333333333333,6.583
2021-07-11,2.32,5.63,2.631666666666667,6.524333333333334
2021-07-12,1.82,6.47,2.5766666666666667,6.552666666666667
2021-07-13,1.84,7.23,2.522666666666667,6.550666666666667
2021-07-14,2.27,7.34,2.5319999999999996,6.583333333333333
2021-07-15,2.46,5.87,2.5469999999999997,6.606666666666667
2021-07-16,2.03,5.71,2.5246666666666666,6.601
2021-07-17,1.62,6.54,2.5256666666666665,6.545333333333334
2021-07-18,2.25,6.2,2.5433333333333334,6.475666666666666
2021-07-19,2.55,6.26,2.5526666666666666,6.465333333333334
2021-07-20,2.28,6.21,2.5176666666666665,6.435999999999999
2021-07-21,1.87,6.32,2.4876666666666667,6.401666666666667
2021-07-22,1.68,6.41,2.4336666666666664,6.437333333333333
2021-07-23,2.8,5.1,2.4143333333333334,6.433000000000001
2021-07-24,3.84,4.66,2.436333333333333,6.348333333333333
2021-07-25,3.14,5.59,2.4726666666666666,6.333666666666667
2021-07-26,3.36,5.4,2.489333333333333,6.3373333333333335
2021-07-27,3.57,6.68,2.5036666666666667,6.3389999999999995
2021-07-28,4.19,7.86,2.5356666666666663,6.368666666666667
2021-07-29,4.08,7.57,2.6003333333333334,6.406000000000001
2021-07-30,3.21,6.97,2.6326666666666667,6.470666666666667
2021-07-31,2.94,6.39,2.6310000000000002,6.4656666666666665
2021-08-01,2.87,6.9,2.625,6.450333333333334
2021-08-02,2.04,7.13,2.630666666666667,6.518666666666666
2021-08-03,2.42,7.55,2.647666666666667,6.579
2021-08-04,1.53,5.31,2.647666666666667,6.518333333333333
2021-08-05,2.24,4.46,2.649,6.412000000000001
2021-08-06,2.86,5.71,2.6266666666666665,6.341666666666667
2021-08-07,3.16,7.35,2.622,6.372333333333334
2021-08-08,1.93,6.72,2.6016666666666666,6.329
2021-08-09,2.29,5.45,2.5820000000000003,6.299666666666666
2021-08-10,3.43,5.67,2.6189999999999998,6.301
2021-08-11,2.59,5.63,2.6446666666666667,6.273
2021-08-12,2.88,6.38,2.679333333333333,6.244666666666666
2021-08-13,2.16,6.1,2.6756666666666664,6.203333333333333
2021-08-14,2.35,5.0,2.672,6.174333333333333
2021-08-15,2.8,6.61,2.697666666666667,6.2043333333333335
2021-08-16,2.23,7.04,2.7180000000000004,6.221
2021-08-17,2.93,7.8,2.740666666666667,6.274333333333334
2021-08-18,2.83,7.38,2.75,6.3116666666666665
2021-08-19,2.19,6.21,2.747,6.311666666666667
2021-08-20,1.59,7.91,2.7376666666666667,6.3646666666666665
2021-08-21,2.2,7.69,2.7550000000000003,6.407333333333333
2021-08-22,2.0,6.36,2.728333333333333,6.449333333333333
2021-08-23,1.32,6.32,2.644333333333334,6.504666666666666
2021-08-24,1.25,6.55,2.5813333333333337,6.536666666666666
2021-08-25,0.86,6.92,2.498,6.5873333333333335
2021-08-26,2.67,7.4,2.4679999999999995,6.6113333333333335
2021-08-27,2.34,7.01,2.4063333333333334,6.583
2021-08-28,1.59,6.2,2.3233333333333333,6.537333333333334
2021-08-29,3.06,6.68,2.3183333333333334,6.527666666666667
2021-08-30,2.63,7.05,2.308,6.549666666666666
2021-08-31,2.58,5.12,2.2983333333333333,6.490333333333333
2021-09-01,3.12,6.31,2.3343333333333334,6.462999999999999
2021-09-02,2.5,8.74,2.337,6.502666666666667
2021-09-03,1.56,8.08,2.338,6.595
2021-09-04,2.12,7.08,2.334,6.682333333333333
2021-09-05,2.67,7.76,2.3276666666666666,6.750666666666666
2021-09-06,2.28,5.41,2.2983333333333333,6.685999999999999
2021-09-07,2.05,4.91,2.302333333333333,6.625666666666667
2021-09-08,2.09,5.85,2.295666666666667,6.639
2021-09-09,2.33,7.11,2.259,6.686999999999999
2021-09-10,2.34,7.64,2.2506666666666666,6.7540000000000004
2021-09-11,2.49,8.07,2.2376666666666667,6.810333333333333
2021-09-12,2.67,7.29,2.2546666666666666,6.85
2021-09-13,2.86,5.69,2.2716666666666665,6.873
2021-09-14,2.85,4.89,2.2733333333333334,6.815666666666667
2021-09-15,2.55,5.89,2.284,6.777333333333333
2021-09-16,1.49,6.34,2.2359999999999998,6.728666666666666
2021-09-17,2.85,6.47,2.236666666666667,6.698333333333333
2021-09-18,3.32,5.39,2.2743333333333333,6.671000000000001
2021-09-19,3.18,5.28,2.3273333333333337,6.583333333333333
2021-09-20,3.06,5.44,2.3560000000000003,6.508333333333334
2021-09-21,3.23,7.0,2.397,6.529666666666667
2021-09-22,2.45,7.41,2.4346666666666663,6.566
2021-09-23,1.76,5.9,2.4516666666666667,6.544333333333333
2021-09-24,2.23,7.44,2.4973333333333327,6.5616666666666665
2021-09-25,2.29,6.81,2.484666666666667,6.542000000000001
2021-09-26,3.52,7.37,2.524,6.554
2021-09-27,2.91,5.78,2.568,6.54
2021-09-28,2.87,6.05,2.5616666666666665,6.519
2021-09-29,3.17,7.04,2.5796666666666668,6.518666666666666
2021-09-30,2.55,6.36,2.5786666666666664,6.5600000000000005
2021-10-01,1.58,6.65,2.527333333333333,6.5713333333333335
2021-10-02,3.36,7.46,2.5559999999999996,6.528666666666666
2021-10-03,2.64,8.34,2.5919999999999996,6.537333333333334
2021-10-04,1.82,8.78,2.5820000000000003,6.593999999999999
2021-10-05,0.48,7.62,2.5090000000000003,6.589333333333333
2021-10-06,1.33,7.64,2.4773333333333336,6.663666666666668
2021-10-07,3.57,7.77,2.528,6.7589999999999995
2021-10-08,3.1,7.62,2.561666666666667,6.818
2021-10-09,2.74,7.12,2.5753333333333335,6.818333333333333
2021-10-10,2.92,5.6,2.594666666666667,6.750333333333333
2021-10-11,3.72,4.87,2.635666666666667,6.643666666666666
2021-10-12,2.08,6.25,2.616,6.609
2021-10-13,2.76,8.21,2.612666666666667,6.6930000000000005
2021-10-14,2.88,7.2,2.6136666666666666,6.77
2021-10-15,2.39,6.45,2.6083333333333334,6.788666666666667
2021-10-16,1.53,6.77,2.609666666666667,6.803
2021-10-17,2.26,6.55,2.5899999999999994,6.805666666666667
2021-10-18,2.85,6.17,2.5743333333333336,6.831666666666666
2021-10-19,2.2,6.36,2.5416666666666665,6.867666666666667
2021-10-20,2.81,5.73,2.533333333333333,6.8773333333333335
2021-10-21,2.29,6.72,2.5020000000000002,6.867999999999999
2021-10-22,2.09,6.73,2.49,6.845333333333333
2021-10-23,2.47,6.32,2.5136666666666665,6.859333333333334
2021-10-24,2.64,7.41,2.5273333333333334,6.858333333333333
2021-10-25,3.29,6.18,2.5606666666666666,6.8373333333333335
2021-10-26,3.36,6.06,2.555333333333334,6.793666666666666
2021-10-27,2.69,6.31,2.548,6.811333333333333
2021-10-28,2.9,7.11,2.549,6.846666666666667
2021-10-29,3.31,7.4,2.5536666666666665,6.858666666666667
2021-10-30,3.25,7.38,2.577,6.892666666666667
2021-10-31,3.34,6.95,2.635666666666667,6.902666666666666
2021-11-01,3.48,7.19,2.6396666666666673,6.893666666666666
2021-11-02,2.97,7.59,2.650666666666667,6.868666666666667
2021-11-03,2.96,6.76,2.6886666666666668,6.801333333333334
2021-11-04,3.17,5.32,2.7783333333333333,6.724666666666667
2021-11-05,2.77,6.67,2.826333333333333,6.692333333333333
2021-11-06,2.92,7.54,2.804666666666667,6.684666666666668
2021-11-07,3.08,6.92,2.804,6.661333333333333
2021-11-08,3.01,5.24,2.813,6.598666666666667
2021-11-09,1.99,4.66,2.7819999999999996,6.567333333333334
2021-11-10,2.63,5.34,2.7456666666666667,6.583
2021-11-11,2.94,6.03,2.7743333333333333,6.575666666666667
2021-11-12,3.46,6.3,2.7976666666666663,6.512
2021-11-13,3.19,7.07,2.808,6.507666666666666
2021-11-14,2.88,8.68,2.8243333333333336,6.582
2021-11-15,1.68,7.59,2.829333333333333,6.609333333333334
2021-11-16,1.78,7.69,2.8133333333333335,6.647333333333333
2021-11-17,2.36,5.14,2.7969999999999997,6.613
2021-11-18,2.4,5.38,2.8036666666666665,6.580333333333333
2021-11-19,2.47,5.85,2.792333333333333,6.584333333333333
2021-11-20,2.55,7.27,2.801,6.602666666666667
2021-11-21,1.94,7.91,2.796,6.642
2021-11-22,2.3,5.67,2.7903333333333333,6.620333333333333
2021-11-23,2.75,5.96,2.7939999999999996,6.572
2021-11-24,2.3,6.96,2.7610000000000006,6.598
2021-11-25,1.87,7.86,2.711333333333333,6.658
2021-11-26,2.71,7.17,2.712,6.686666666666667
2021-11-27,2.43,6.65,2.6963333333333335,6.671333333333333
2021-11-28,2.71,7.18,2.6763333333333335,6.664
2021-11-29,2.43,6.14,2.649,6.6226666666666665
2021-11-30,2.25,7.0,2.6126666666666667,6.624333333333334
2021-12-01,1.97,7.58,2.562333333333333,6.637333333333333
2021-12-02,3.08,6.96,2.566,6.616333333333333
2021-12-03,2.89,6.75,2.5636666666666668,6.616
2021-12-04,3.06,8.02,2.56,6.706
2021-12-05,2.85,6.81,2.562666666666667,6.710666666666667
2021-12-06,3.57,4.91,2.5843333333333334,6.623
2021-12-07,2.81,6.66,2.5753333333333335,6.614333333333334
2021-12-08,1.1,7.17,2.5116666666666663,6.6786666666666665
2021-12-09,1.87,6.71,2.5076666666666667,6.747
2021-12-10,2.63,7.28,2.5076666666666663,6.8116666666666665
2021-12-11,3.11,8.3,2.513333333333333,6.887333333333332
2021-12-12,1.88,7.71,2.460666666666667,6.934333333333333
2021-12-13,2.87,5.95,2.45,6.897000000000001
2021-12-14,4.08,7.19,2.4899999999999998,6.847333333333334
2021-12-15,2.74,8.06,2.5253333333333337,6.8629999999999995
2022-01-18,3.71,7.04,2.5896666666666666,6.841333333333334
2022-01-19,3.28,7.7,2.6203333333333334,6.926666666666666
2022-01-20,3.43,5.63,2.6546666666666665,6.935
2022-01-21,3.4,5.81,2.6856666666666666,6.933666666666666
2022-01-22,3.11,7.26,2.704333333333333,6.933333333333334
2022-01-23,3.4,7.94,2.753,6.934333333333333
2022-01-24,4.08,6.98,2.8123333333333336,6.978
2022-01-25,4.28,7.65,2.8633333333333337,7.0343333333333335
2022-01-26,3.82,5.9,2.9139999999999997,6.999
2022-01-27,3.29,6.65,2.9613333333333336,6.958666666666667
2022-01-28,3.25,7.62,2.9793333333333334,6.973666666666666
2022-01-29,4.23,6.8,3.0393333333333334,6.978666666666667
2022-01-30,3.5,5.15,3.0656666666666665,6.9110000000000005
2022-01-31,3.03,5.92,3.085666666666667,6.903666666666666
2022-02-01,2.59,6.98,3.097,6.9030000000000005
2022-02-02,2.99,6.04,3.1310000000000002,6.8516666666666675
2022-02-03,2.93,5.81,3.126,6.8133333333333335
2022-02-04,3.23,5.44,3.1373333333333333,6.769666666666667
2022-02-05,3.47,5.95,3.1510000000000002,6.700666666666666
2022-02-06,3.08,7.08,3.1586666666666665,6.709666666666667
2022-02-07,2.45,6.94,3.1213333333333333,6.777333333333333
2022-02-08,3.41,5.49,3.1413333333333333,6.738333333333333
2022-02-09,2.96,5.6,3.2033333333333336,6.686000000000001
2022-02-10,2.2,6.85,3.2143333333333337,6.690666666666667
2022-02-11,2.59,6.06,3.213,6.65
2022-02-12,3.18,6.87,3.2153333333333336,6.602333333333334
2022-02-13,3.07,5.6,3.255,6.532
2022-02-14,3.43,5.85,3.2736666666666667,6.528666666666666
2022-02-15,2.41,6.05,3.2180000000000004,6.490666666666667
2022-02-16,2.78,7.36,3.219333333333333,6.467333333333333
2022-02-17,3.94,6.86,3.227,6.461333333333333
2022-02-18,3.15,7.7,3.222666666666667,6.461333333333333
2022-02-19,3.12,7.44,3.212333333333333,6.5216666666666665
2022-02-20,2.38,8.17,3.1783333333333337,6.600333333333334
2022-02-21,3.48,7.08,3.1906666666666665,6.594333333333333
2022-02-22,3.29,5.78,3.187,6.522333333333333
2022-02-23,3.57,6.01,3.17,6.489999999999999
2022-02-24,3.57,6.48,3.146333333333333,6.451
2022-02-25,3.53,6.52,3.136666666666667,6.471666666666666
2022-02-26,3.1,6.61,3.130333333333333,6.4703333333333335
2022-02-27,3.25,7.23,3.130333333333333,6.457333333333334
2022-02-28,4.21,7.14,3.1296666666666666,6.468666666666667
2022-03-01,2.48,5.6,3.0956666666666663,6.483666666666666
2022-03-02,3.5,6.68,3.111333333333333,6.509
2022-03-03,3.17,7.49,3.130666666666667,6.525999999999999
2022-03-04,2.83,7.05,3.125333333333333,6.559666666666667
2022-03-05,3.31,6.31,3.138,6.576333333333333
2022-03-06,3.13,7.7,3.134666666666667,6.651666666666666
2022-03-07,3.73,7.6,3.143333333333333,6.706666666666667
2022-03-08,3.73,7.24,3.165,6.712
2022-03-09,3.11,5.65,3.187,6.669
2022-03-10,2.27,6.85,3.149,6.714333333333332
2022-03-11,3.91,7.38,3.1806666666666668,6.773666666666666
2022-03-12,1.44,7.08,3.155333333333333,6.781333333333333
2022-03-13,2.38,5.7,3.1483333333333334,6.769333333333333
2022-03-14,2.03,4.42,3.11,6.687666666666667
2022-03-15,2.54,5.98,3.092333333333334,6.700333333333333
2022-03-16,2.94,7.44,3.076,6.753333333333333
2022-03-17,2.63,7.96,3.0833333333333335,6.816999999999999
2022-03-18,1.74,6.22,3.0486666666666666,6.779
2022-03-19,1.8,6.18,2.9773333333333336,6.756333333333333
2022-03-20,2.81,7.86,2.9659999999999997,6.761666666666667
2022-03-21,3.27,7.84,2.9710000000000005,6.775
2022-03-22,3.49,6.72,3.008,6.726666666666666
2022-03-23,3.67,7.13,3.0143333333333335,6.7283333333333335
2022-03-24,3.65,7.12,3.0263333333333335,6.773
2022-03-25,3.77,6.34,3.033,6.784000000000001
2022-03-26,3.77,6.77,3.0396666666666667,6.793666666666667
2022-03-27,3.24,7.01,3.0300000000000002,6.8100000000000005
2022-03-28,2.39,6.07,3.006333333333333,6.792
2022-03-29,2.48,6.04,2.9806666666666666,6.752333333333334
2022-03-30,3.83,6.02,2.9679999999999995,6.715
2022-03-31,3.14,6.64,2.99,6.749666666666667
2022-04-01,2.4,5.5,2.9533333333333336,6.710333333333334
2022-04-02,2.1,6.12,2.917666666666667,6.664666666666666
2022-04-03,2.71,5.89,2.913666666666667,6.626
2022-04-04,2.96,6.89,2.902,6.645333333333332
2022-04-05,2.64,5.49,2.8856666666666664,6.571666666666667
2022-04-06,3.34,4.94,2.872666666666667,6.483
2022-04-07,3.33,7.92,2.8593333333333333,6.505666666666667
2022-04-08,2.7,5.17,2.845666666666667,6.4896666666666665
2022-04-09,3.16,7.38,2.8753333333333333,6.507333333333333
2022-04-10,3.14,5.52,2.8496666666666663,6.445333333333334
2022-04-11,2.91,6.46,2.8986666666666663,6.424666666666667
2022-04-12,3.36,4.91,2.9313333333333333,6.398333333333334
2022-04-13,3.31,4.87,2.9739999999999998,6.413333333333333
2022-04-14,2.94,5.2,2.987333333333333,6.387333333333333
2022-04-15,3.34,6.77,3.0006666666666666,6.365
2022-04-16,3.61,6.28,3.033333333333333,6.309
2022-04-17,3.29,6.73,3.0850000000000004,6.326
2022-04-18,3.2,5.96,3.1316666666666664,6.318666666666667
2022-04-19,3.64,5.46,3.1593333333333335,6.238666666666666
2022-04-20,4.26,6.04,3.192333333333333,6.178666666666667
2022-04-21,4.14,6.4,3.214,6.168
2022-04-22,2.75,7.77,3.183333333333333,6.189333333333334
2022-04-23,2.93,6.5,3.1593333333333335,6.168666666666667
2022-04-24,2.96,6.43,3.1323333333333334,6.171666666666667
2022-04-25,3.02,7.91,3.1073333333333335,6.209666666666666
2022-04-26,3.9,7.08,3.1293333333333333,6.212000000000001
2022-04-27,3.53,6.89,3.1673333333333336,6.239333333333334
2022-04-28,4.37,6.61,3.2303333333333333,6.258333333333334
2022-04-29,3.83,7.48,3.2303333333333337,6.307
2022-04-30,2.69,7.88,3.2153333333333336,6.348333333333333
2022-05-01,4.18,7.05,3.2746666666666666,6.4
2022-05-02,3.45,6.82,3.319666666666667,6.423333333333333
2022-05-03,3.63,8.78,3.350333333333333,6.519666666666667
2022-05-04,3.28,6.24,3.3609999999999998,6.498000000000001
2022-05-05,3.02,6.18,3.373666666666667,6.521
2022-05-06,3.17,5.78,3.368,6.549
2022-05-07,2.83,5.78,3.3513333333333337,6.477666666666666
2022-05-08,3.25,5.85,3.369666666666667,6.500333333333333
2022-05-09,3.93,6.0,3.3953333333333333,6.4543333333333335
2022-05-10,2.99,5.77,3.390333333333333,6.462666666666666
2022-05-11,3.31,6.24,3.4036666666666666,6.455333333333333
2022-05-12,3.48,6.67,3.4076666666666666,6.513999999999999
2022-05-13,3.04,6.83,3.3986666666666667,6.5793333333333335
2022-05-14,2.6,5.74,3.3873333333333333,6.597333333333333
2022-05-15,2.98,4.77,3.3753333333333333,6.530666666666666
2022-05-16,3.22,6.91,3.3623333333333334,6.551666666666666
2022-05-17,2.63,6.86,3.340333333333333,6.556
2022-05-18,3.28,6.31,3.3430000000000004,6.567666666666667
2022-05-19,3.48,6.36,3.337666666666667,6.597666666666667
2022-05-20,2.59,6.91,3.2820000000000005,6.626666666666666
2022-05-21,2.99,7.62,3.243666666666667,6.667333333333334
2022-05-22,3.25,7.12,3.2603333333333335,6.645666666666667
2022-05-23,3.33,5.67,3.2736666666666663,6.617999999999999
2022-05-24,3.15,7.23,3.2800000000000002,6.644666666666667
2022-05-25,3.8,6.82,3.306,6.608333333333333
2022-05-26,3.72,6.59,3.3,6.592
2022-05-27,2.5,5.86,3.2656666666666667,6.557666666666666
2022-05-28,3.33,5.7,3.2310000000000003,6.527333333333333
2022-05-29,3.25,6.72,3.2116666666666664,6.502
2022-05-30,3.14,6.94,3.2266666666666666,6.470666666666667
2022-05-31,3.06,5.9,3.1893333333333334,6.432333333333333
2022-06-01,3.03,7.04,3.1753333333333336,6.439666666666667
2022-06-02,3.68,7.42,3.177,6.394333333333333
2022-06-03,3.14,7.65,3.1723333333333334,6.441333333333333
2022-06-04,2.06,5.88,3.140333333333333,6.431333333333333
2022-06-05,2.45,7.41,3.116333333333334,6.485666666666668
2022-06-06,3.32,6.31,3.1326666666666663,6.503333333333334
2022-06-07,3.94,6.65,3.1556666666666664,6.53
2022-06-08,3.57,7.46,3.143666666666667,6.578666666666667
2022-06-09,3.71,5.73,3.167666666666667,6.577333333333333
2022-06-10,3.25,6.9,3.1656666666666666,6.599333333333333
2022-06-11,3.16,8.21,3.1550000000000002,6.650666666666667
2022-06-12,3.1,5.34,3.1569999999999996,6.601
2022-06-13,2.7,7.15,3.1603333333333334,6.648000000000001
2022-06-14,3.09,6.37,3.164,6.701333333333334
2022-06-15,3.46,6.37,3.1719999999999997,6.683333333333334
2022-06-16,3.6,7.58,3.204333333333333,6.707333333333334
2022-06-17,2.45,5.96,3.1766666666666667,6.695666666666667
2022-06-18,3.32,6.7,3.1713333333333336,6.707
2022-06-19,2.85,5.0,3.18,6.6433333333333335
2022-06-20,2.92,5.41,3.1776666666666666,6.5696666666666665
2022-06-21,3.06,6.3,3.1713333333333336,6.542333333333334
2022-06-22,2.92,6.77,3.1576666666666666,6.579
2022-06-23,2.96,6.86,3.151333333333333,6.566666666666666
2022-06-24,3.18,6.1,3.130666666666667,6.542666666666666
2022-06-25,4.4,6.97,3.1533333333333333,6.5553333333333335
2022-06-26,3.62,7.13,3.1906666666666665,6.597666666666667
2022-06-27,2.52,6.93,3.1636666666666664,6.6386666666666665
2022-06-28,2.2,6.48,3.1286666666666667,6.6306666666666665
2022-06-29,3.14,6.02,3.1286666666666667,6.6
2022-06-30,3.85,6.07,3.1550000000000002,6.605666666666666
2022-07-01,2.26,6.39,3.1293333333333333,6.5840000000000005
2022-07-02,3.01,6.69,3.107,6.559666666666668
2022-07-03,3.52,5.82,3.119666666666667,6.498666666666667
2022-07-04,3.66,7.7,3.173,6.559333333333334
2022-07-05,3.3,6.43,3.201333333333333,6.526666666666666
2022-07-06,0.91,6.52,3.1210000000000004,6.533666666666667
2022-07-07,2.62,6.36,3.0769999999999995,6.524
2022-07-08,2.88,6.36,3.0540000000000003,6.487333333333334
2022-07-09,2.12,5.8,3.001,6.489666666666667
2022-07-10,2.63,5.64,2.9803333333333337,6.447666666666667
2022-07-11,3.44,6.7,2.9896666666666665,6.397333333333333
2022-07-12,3.41,6.33,3.0,6.4303333333333335
2022-07-13,3.07,5.92,3.0123333333333333,6.389333333333332
2022-07-14,3.22,6.94,3.0166666666666666,6.408333333333333
2022-07-15,2.83,5.79,2.9956666666666667,6.389
2022-07-16,2.17,5.85,2.9480000000000004,6.331333333333333
2022-07-17,2.44,6.65,2.947666666666667,6.354333333333333
2022-07-18,3.32,7.68,2.947666666666666,6.3870000000000005
2022-07-19,2.54,8.87,2.9373333333333336,6.516
2022-07-20,3.88,6.02,2.969333333333333,6.536333333333333
2022-07-21,2.87,7.25,2.963,6.568
2022-07-22,2.03,7.26,2.933333333333333,6.584333333333333
2022-07-23,2.87,7.6,2.930333333333333,6.608999999999999
2022-07-24,3.32,6.94,2.935,6.6370000000000005
2022-07-25,3.09,7.15,2.8913333333333338,6.643
2022-07-26,3.06,7.16,2.872666666666667,6.644000000000001
2022-07-27,2.59,6.01,2.875,6.613333333333333
2022-07-28,2.88,7.53,2.897666666666667,6.648333333333334
2022-07-29,2.61,6.91,2.8800000000000003,6.678
2022-07-30,2.08,6.32,2.8209999999999997,6.686333333333334
2022-07-31,2.83,6.75,2.8400000000000003,6.698333333333333
2022-08-01,2.94,6.16,2.8376666666666663,6.680666666666666
2022-08-02,3.39,6.63,2.8333333333333335,6.707666666666666
2022-08-03,3.56,7.17,2.83,6.6899999999999995
2022-08-04,2.92,6.1,2.817333333333333,6.679
2022-08-05,2.63,6.73,2.8746666666666667,6.685999999999999
2022-08-06,2.56,4.62,2.872666666666667,6.628
2022-08-07,3.14,6.43,2.881333333333333,6.630333333333334
2022-08-08,3.04,5.28,2.912,6.6129999999999995
2022-08-09,2.96,5.7,2.923,6.614999999999999
2022-08-10,2.99,6.14,2.908,6.596333333333334
2022-08-11,2.9,6.57,2.891,6.604333333333333
2022-08-12,2.93,7.14,2.886333333333333,6.6450000000000005
2022-08-13,3.0,5.41,2.8789999999999996,6.593999999999999
2022-08-14,2.34,4.29,2.8626666666666667,6.544
2022-08-15,1.87,4.88,2.8526666666666665,6.511666666666667
2022-08-16,2.88,5.27,2.8673333333333333,6.4656666666666665
2022-08-17,3.39,6.9,2.869666666666667,6.439666666666667
2022-08-18,2.72,6.2,2.8756666666666666,6.350666666666667
2022-08-19,2.77,7.62,2.8386666666666667,6.404
2022-08-20,3.82,7.51,2.8703333333333334,6.4126666666666665
2022-08-21,4.15,6.5,2.9410000000000003,6.387333333333333
2022-08-22,2.99,5.75,2.9450000000000003,6.325666666666666
2022-08-23,4.1,5.67,2.9709999999999996,6.283333333333333
2022-08-24,4.22,6.44,3.008666666666666,6.259666666666667
2022-08-25,3.26,5.83,3.015333333333333,6.215333333333333
2022-08-26,2.38,5.88,3.0083333333333333,6.210999999999999
2022-08-27,2.88,4.87,3.0083333333333333,6.122333333333333
2022-08-28,3.13,5.13,3.0256666666666665,6.063
2022-08-29,2.34,5.42,3.0343333333333335,6.033
2022-08-30,2.08,6.64,3.009333333333333,6.029333333333333
2022-08-31,2.18,8.17,2.984,6.096333333333334
2022-09-01,2.95,8.77,2.969333333333333,6.167666666666666
2022-09-02,2.92,6.73,2.948,6.1530000000000005
2022-09-03,2.43,6.8,2.9316666666666666,6.176333333333333
2022-09-04,2.45,7.08,2.9256666666666664,6.188000000000001
2022-09-05,3.4,6.77,2.9536666666666664,6.259666666666667
2022-09-06,2.54,5.73,2.933666666666667,6.2363333333333335
2022-09-07,3.27,5.92,2.9413333333333336,6.257666666666666
2022-09-08,3.19,7.01,2.949,6.301333333333334
2022-09-09,3.23,5.13,2.9570000000000003,6.267666666666667
2022-09-10,3.39,5.72,2.9733333333333336,6.239333333333334
2022-09-11,3.22,6.87,2.983,6.230333333333333
2022-09-12,3.06,6.67,2.9850000000000003,6.272333333333333
2022-09-13,2.16,8.64,2.979,6.417333333333334
2022-09-14,3.17,7.05,3.0223333333333335,6.4896666666666665
2022-09-15,2.63,6.6,3.0140000000000002,6.534
2022-09-16,2.96,5.24,2.9996666666666667,6.478666666666666
2022-09-17,2.38,7.15,2.9883333333333337,6.5103333333333335
2022-09-18,2.2,8.41,2.9693333333333336,6.536666666666666
2022-09-19,2.51,6.31,2.9256666666666664,6.496666666666667
2022-09-20,2.63,5.49,2.875,6.463
2022-09-21,1.85,5.4,2.837,6.451333333333333
2022-09-22,3.07,7.52,2.8026666666666666,6.513
2022-09-23,2.23,5.46,2.7363333333333335,6.480333333333333
2022-09-24,2.71,5.43,2.7180000000000004,6.467
2022-09-25,3.56,4.67,2.7573333333333334,6.426666666666667
2022-09-26,4.29,6.38,2.804333333333333,6.477
2022-09-27,3.57,7.51,2.819,6.556333333333333
2022-09-28,3.64,7.65,2.862333333333333,6.6306666666666665
2022-09-29,2.94,6.87,2.891,6.638333333333334
2022-09-30,2.17,6.32,2.8906666666666667,6.576666666666666
2022-10-01,3.04,5.6,2.893666666666667,6.471
2022-10-02,3.43,7.44,2.9106666666666667,6.494666666666666
2022-10-03,3.07,7.02,2.932,6.502
2022-10-04,3.18,6.33,2.9563333333333337,6.477
2022-10-05,3.16,6.83,2.9483333333333333,6.478999999999999
2022-10-06,2.69,7.19,2.953333333333333,6.527666666666666
2022-10-07,2.53,6.47,2.9286666666666665,6.546
2022-10-08,3.44,4.82,2.937,6.473
2022-10-09,3.37,4.7,2.941666666666667,6.458666666666667
2022-10-10,3.38,6.03,2.941333333333333,6.468999999999999
2022-10-11,3.71,6.25,2.9576666666666664,6.448333333333333
2022-10-12,2.7,6.21,2.9456666666666664,6.433000000000001
2022-10-13,3.32,7.37,2.9843333333333333,6.390666666666666
2022-10-14,3.31,6.34,2.989,6.367000000000001
2022-10-15,2.89,6.12,2.997666666666667,6.351
2022-10-16,3.12,5.62,3.003,6.363666666666666
2022-10-17,2.62,4.48,3.011,6.274666666666667
2022-10-18,2.52,6.47,3.0216666666666665,6.21
2022-10-19,3.39,7.84,3.051,6.260999999999999
2022-10-20,3.22,6.92,3.0706666666666664,6.308666666666666
2022-10-21,3.95,5.9,3.1406666666666667,6.325333333333334
2022-10-22,3.64,6.14,3.159666666666667,6.279333333333333
2022-10-23,4.32,7.0,3.229333333333334,6.330666666666667
2022-10-24,3.94,6.21,3.2703333333333333,6.356666666666667
2022-10-25,3.61,7.13,3.2720000000000002,6.438666666666666
2022-10-26,5.1,6.21,3.299,6.433000000000001
2022-10-27,3.64,7.7,3.3013333333333335,6.439333333333334
2022-10-28,3.13,7.62,3.2843333333333335,6.4383333333333335
2022-10-29,2.98,6.93,3.2856666666666663,6.440333333333333
2022-10-30,2.99,6.63,3.3130000000000006,6.450666666666667
2022-10-31,3.07,5.67,3.314,6.453
2022-11-01,4.14,5.16,3.3376666666666663,6.377
2022-11-02,3.21,6.79,3.3423333333333334,6.3693333333333335
2022-11-03,2.0,6.22,3.3029999999999995,6.365666666666667
2022-11-04,2.69,6.7,3.287333333333333,6.3613333333333335
2022-11-05,3.12,7.05,3.3016666666666667,6.356666666666667
2022-11-06,3.75,6.94,3.3423333333333334,6.372333333333334
2022-11-07,2.69,6.5,3.317333333333333,6.428333333333333
2022-11-08,2.83,6.95,3.299333333333333,6.503333333333333
2022-11-09,2.14,7.19,3.258,6.542
2022-11-10,3.09,6.15,3.2373333333333334,6.538666666666667
2022-11-11,2.88,5.51,3.243333333333333,6.515333333333333
2022-11-12,3.1,5.74,3.2359999999999998,6.460999999999999
2022-11-13,3.49,5.35,3.2419999999999995,6.427999999999999
2022-11-14,3.18,6.91,3.2516666666666665,6.454333333333334
2022-11-15,2.27,6.07,3.2233333333333336,6.469333333333334
2022-11-16,3.02,5.53,3.2366666666666664,6.504333333333333
2022-11-17,3.09,6.32,3.255666666666667,6.499333333333333
2022-11-18,3.49,5.48,3.259,6.420666666666666
2022-11-19,3.92,6.61,3.2823333333333333,6.410333333333333
2022-11-20,3.64,6.97,3.272,6.446
2022-11-21,3.02,5.68,3.2513333333333336,6.430666666666667
2022-11-22,3.02,5.82,3.2079999999999997,6.391333333333334
2022-11-23,2.88,5.64,3.1726666666666663,6.372333333333333
2022-11-24,2.94,4.99,3.150333333333333,6.301
2022-11-25,4.09,7.23,3.1166666666666667,6.335
2022-11-26,4.62,7.52,3.1493333333333333,6.329
2022-11-27,2.66,6.07,3.133666666666667,6.277333333333333
2022-11-28,3.46,7.16,3.149666666666667,6.285
2022-11-29,3.77,7.56,3.1756666666666664,6.316
2022-11-30,2.79,6.1,3.166333333333333,6.330333333333334
2022-12-01,2.69,5.52,3.118,6.3423333333333325
2022-12-02,2.67,5.27,3.1,6.291666666666667
2022-12-03,3.75,6.08,3.158333333333333,6.287
2022-12-04,3.64,5.0,3.19,6.230333333333333
2022-12-05,3.15,6.7,3.1910000000000003,6.218666666666667
2022-12-06,2.95,6.9,3.1643333333333334,6.217333333333333
2022-12-07,2.05,7.8,3.1430000000000002,6.260666666666666
2022-12-08,2.99,6.11,3.1483333333333334,6.232666666666668
2022-12-09,2.73,7.59,3.168,6.246
2022-12-10,3.02,6.79,3.1656666666666666,6.267333333333334
2022-12-11,2.08,5.43,3.1390000000000002,6.264666666666667
2022-12-12,2.47,6.09,3.1180000000000003,6.276333333333334
2022-12-13,2.27,6.1,3.0773333333333337,6.301333333333334
2022-12-14,2.51,6.9,3.0549999999999997,6.301
2022-12-15,2.79,7.34,3.0723333333333334,6.343333333333333
2023-01-18,4.87,8.2,3.1340000000000003,6.432333333333333
2023-01-19,2.88,5.48,3.1270000000000002,6.404333333333333
2023-01-20,3.46,6.21,3.126,6.428666666666667
2023-01-21,4.25,8.42,3.137,6.489
2023-01-22,3.65,8.49,3.1373333333333333,6.539666666666666
2023-01-23,2.52,6.18,3.1206666666666663,6.556333333333333
2023-01-24,3.11,6.63,3.1236666666666664,6.583333333333333
2023-01-25,2.52,6.07,3.111666666666667,6.597666666666667
2023-01-26,3.27,6.11,3.122666666666667,6.635000000000001
2023-01-27,3.22,7.18,3.0936666666666666,6.633333333333332
2023-01-28,3.93,7.8,3.070666666666667,6.642666666666667
2023-01-29,2.88,5.88,3.0780000000000003,6.636333333333334
2023-01-30,2.7,6.61,3.0526666666666666,6.618
2023-01-31,3.06,8.18,3.0290000000000004,6.6386666666666665
2023-02-01,4.11,6.25,3.0730000000000004,6.6436666666666655
2023-02-02,3.41,6.64,3.097,6.681
2023-02-03,2.36,8.06,3.086666666666667,6.774
2023-02-04,1.64,6.85,3.0163333333333338,6.799666666666667
2023-02-05,2.69,8.14,2.984666666666667,6.904333333333333
2023-02-06,3.06,8.13,2.981666666666667,6.952
2023-02-07,2.96,6.77,2.9819999999999998,6.947666666666666
2023-02-08,2.89,6.29,3.01,6.897333333333334
2023-02-09,2.88,6.77,3.006333333333333,6.9193333333333324
2023-02-10,2.98,7.49,3.0146666666666664,6.9159999999999995
2023-02-11,2.52,7.43,2.9979999999999998,6.937333333333333
2023-02-12,3.79,8.54,3.055,7.0409999999999995
2023-02-13,2.81,8.73,3.066333333333333,7.129
2023-02-14,3.79,7.61,3.1169999999999995,7.179333333333333
2023-02-15,3.6,5.54,3.1533333333333338,7.1339999999999995
2023-02-16,3.17,6.43,3.166,7.103666666666667
2023-02-17,3.16,7.14,3.109,7.0683333333333325
2023-02-18,2.79,7.12,3.1060000000000003,7.123
2023-02-19,4.22,7.09,3.1313333333333335,7.152333333333333
2023-02-20,3.45,7.55,3.1046666666666667,7.123333333333334
2023-02-21,3.1,6.16,3.0863333333333336,7.0456666666666665
2023-02-22,4.24,6.49,3.143666666666667,7.055999999999999
2023-02-23,3.25,6.12,3.1483333333333334,7.039
2023-02-24,3.52,4.4,3.1816666666666666,6.983333333333333
2023-02-25,3.3,5.94,3.182666666666667,6.977666666666666
2023-02-26,2.09,5.79,3.145,6.931333333333333
2023-02-27,3.61,7.25,3.134333333333333,6.912999999999999
2023-02-28,2.87,7.23,3.134,6.958
2023-03-01,1.51,7.02,3.094333333333333,6.971666666666666
2023-03-02,2.38,6.39,3.0716666666666668,6.912000000000001
2023-03-03,3.32,5.82,3.0453333333333332,6.897666666666667
2023-03-04,3.18,6.24,3.0376666666666665,6.884333333333333
2023-03-05,1.76,7.47,3.0176666666666665,6.8646666666666665
2023-03-06,1.85,6.39,3.0246666666666666,6.849333333333333
2023-03-07,2.32,5.05,3.0123333333333333,6.746333333333334
2023-03-08,2.2,6.7,2.9836666666666662,6.698666666666666
2023-03-09,2.86,6.89,2.9803333333333333,6.702666666666667
2023-03-10,3.23,4.77,2.9916666666666667,6.651999999999999
2023-03-11,2.71,6.97,2.986,6.658666666666666
2023-03-12,3.49,6.42,3.003,6.623
2023-03-13,3.16,7.54,3.024333333333333,6.626666666666666
2023-03-14,2.89,6.61,2.994333333333333,6.562333333333333
2023-03-15,1.85,6.83,2.9623333333333335,6.499
2023-03-16,2.4,7.84,2.916,6.506666666666666
2023-03-17,3.57,9.22,2.915,6.629333333333333
2023-03-18,4.02,6.61,2.9433333333333334,6.6353333333333335
2023-03-19,3.01,6.28,2.9383333333333335,6.606666666666667
2023-03-20,3.87,7.6,2.974333333333333,6.6226666666666665
2023-03-21,2.63,6.47,2.9213333333333336,6.602
2023-03-22,1.63,5.96,2.860666666666667,6.549
2023-03-23,2.46,6.3,2.8393333333333333,6.5536666666666665
2023-03-24,2.7,5.21,2.788,6.511
2023-03-25,2.35,5.7,2.7580000000000005,6.497
2023-03-26,2.41,4.87,2.7209999999999996,6.512666666666666
2023-03-27,1.87,6.25,2.673333333333333,6.523
2023-03-28,3.24,6.59,2.711666666666667,6.549666666666667
2023-03-29,3.19,5.76,2.697666666666667,6.5
2023-03-30,3.03,5.31,2.7030000000000003,6.435999999999999
2023-03-31,3.9,6.66,2.782666666666666,6.424
2023-04-01,2.74,7.45,2.7946666666666666,6.459333333333333
2023-04-02,2.33,6.0,2.7616666666666663,6.465333333333334
2023-04-03,2.7,5.83,2.7456666666666667,6.451666666666666
2023-04-04,2.92,5.92,2.7843333333333335,6.4
2023-04-05,3.4,7.3,2.836,6.4303333333333335
2023-04-06,3.11,7.25,2.862333333333333,6.503666666666666
2023-04-07,2.75,7.56,2.880666666666667,6.532333333333333
2023-04-08,2.6,8.11,2.8720000000000003,6.5729999999999995
2023-04-09,3.39,8.02,2.8773333333333335,6.681333333333333
2023-04-10,3.24,7.33,2.895,6.693333333333333
2023-04-11,3.06,6.87,2.880666666666667,6.708333333333333
2023-04-12,3.44,5.75,2.89,6.648666666666667
2023-04-13,3.66,6.77,2.9156666666666666,6.654
2023-04-14,3.15,5.56,2.959,6.611666666666666
2023-04-15,2.63,3.62,2.966666666666667,6.471
2023-04-16,3.64,5.08,2.969,6.333
2023-04-17,3.35,6.78,2.9466666666666668,6.338666666666667
2023-04-18,3.59,7.3,2.9659999999999997,6.372666666666666
2023-04-19,3.24,7.33,2.9450000000000003,6.363666666666666
2023-04-20,3.14,5.27,2.962,6.323666666666667
2023-04-21,3.63,6.28,3.0286666666666666,6.334333333333333
2023-04-22,3.46,6.79,3.062,6.350666666666667
2023-04-23,2.27,7.28,3.0476666666666667,6.419666666666667
2023-04-24,2.06,7.69,3.038,6.486000000000001
2023-04-25,2.82,6.77,3.0516666666666667,6.549333333333334
2023-04-26,3.34,6.12,3.100666666666667,6.545
2023-04-27,3.23,7.02,3.100333333333333,6.559333333333333
2023-04-28,3.24,7.81,3.102,6.627666666666667
2023-04-29,3.12,6.83,3.105,6.678333333333333
2023-04-30,2.96,5.71,3.0736666666666665,6.6466666666666665
2023-05-01,3.66,6.22,3.1043333333333334,6.605666666666666
2023-05-02,4.14,6.82,3.1646666666666667,6.632999999999999
2023-05-03,3.09,6.54,3.1776666666666666,6.656666666666667
2023-05-04,2.88,6.61,3.176333333333333,6.679666666666666
2023-05-05,2.64,5.89,3.1510000000000002,6.632666666666667
2023-05-06,2.34,6.83,3.1253333333333333,6.618666666666667
2023-05-07,2.08,7.03,3.103,6.601
2023-05-08,3.19,6.19,3.1226666666666665,6.537
2023-05-09,2.9,5.09,3.106333333333333,6.439333333333333
2023-05-10,2.53,5.71,3.082666666666667,6.3853333333333335
2023-05-11,3.17,7.29,3.0863333333333336,6.399333333333333
2023-05-12,2.05,6.09,3.04,6.410666666666667
2023-05-13,2.2,8.7,2.991333333333334,6.475
2023-05-14,1.34,8.17,2.9309999999999996,6.562
2023-05-15,2.13,6.83,2.9143333333333334,6.669
2023-05-16,4.02,8.22,2.927,6.773666666666667
2023-05-17,3.03,7.45,2.916333333333333,6.796
2023-05-18,2.4,5.54,2.8766666666666665,6.737333333333334
2023-05-19,3.18,5.92,2.8746666666666667,6.690333333333333
2023-05-20,2.42,6.39,2.8506666666666667,6.727666666666666
2023-05-21,2.48,6.69,2.8123333333333336,6.7413333333333325
2023-05-22,3.43,7.09,2.8113333333333332,6.751333333333333
2023-05-23,3.33,7.08,2.8466666666666662,6.744666666666666
2023-05-24,3.39,6.52,2.8909999999999996,6.705666666666667
2023-05-25,3.14,6.97,2.9016666666666664,6.712333333333333
2023-05-26,3.28,7.82,2.8996666666666666,6.769000000000001
2023-05-27,3.35,7.89,2.903666666666666,6.798
2023-05-28,2.54,6.59,2.880333333333333,6.757333333333333
2023-05-29,2.26,6.89,2.8516666666666666,6.759333333333333
2023-05-30,2.99,5.16,2.8526666666666665,6.7410000000000005
2023-05-31,3.8,7.51,2.8573333333333335,6.784000000000001
2023-06-01,2.83,6.26,2.8136666666666668,6.765333333333333
2023-06-02,3.4,5.45,2.824,6.729
2023-06-03,5.18,6.5,2.9006666666666665,6.725333333333334
2023-06-04,3.37,7.12,2.925,6.766333333333333
2023-06-05,0.86,6.53,2.8756666666666666,6.756333333333333
2023-06-06,2.62,7.72,2.893666666666667,6.779333333333333
2023-06-07,3.03,7.77,2.8883333333333336,6.832
2023-06-08,3.18,7.78,2.8976666666666664,6.921666666666667
2023-06-09,2.85,5.1,2.908333333333333,6.901333333333333
2023-06-10,3.27,6.12,2.9116666666666666,6.862333333333334
2023-06-11,3.51,6.87,2.9603333333333333,6.888333333333334
2023-06-12,3.14,6.36,2.9916666666666667,6.8103333333333325
2023-06-13,2.64,5.67,3.0350000000000006,6.727
2023-06-14,2.76,7.16,3.0559999999999996,6.738
2023-06-15,3.05,6.54,3.0236666666666663,6.6819999999999995
2023-06-16,3.73,5.74,3.0469999999999997,6.625
2023-06-17,2.79,6.56,3.0600000000000005,6.659000000000001
2023-06-18,3.43,6.07,3.0683333333333334,6.664
2023-06-19,3.4,4.98,3.101,6.617
2023-06-20,3.6,5.82,3.138333333333333,6.588
2023-06-21,3.16,6.64,3.1293333333333333,6.5729999999999995
2023-06-22,2.17,5.42,3.0906666666666665,6.517666666666667
2023-06-23,3.03,6.3,3.0786666666666664,6.5103333333333335
2023-06-24,3.48,7.14,3.0900000000000003,6.516000000000001
2023-06-25,2.02,6.49,3.048,6.471666666666666
2023-06-26,3.81,5.13,3.0633333333333335,6.379666666666667
2023-06-27,3.19,6.34,3.085,6.371333333333333
2023-06-28,3.53,8.01,3.127333333333333,6.408666666666667
2023-06-29,2.95,6.28,3.126,6.446
2023-06-30,2.92,6.19,3.0966666666666667,6.402
2023-07-01,2.8,6.7,3.095666666666667,6.416666666666667
2023-07-02,2.05,6.15,3.0506666666666664,6.4399999999999995
2023-07-03,2.39,6.67,2.957666666666667,6.445666666666666
2023-07-04,2.59,5.75,2.9316666666666666,6.4
2023-07-05,2.8,6.48,2.9963333333333333,6.398333333333334
2023-07-06,3.56,6.8,3.0276666666666667,6.367666666666667
2023-07-07,2.76,6.5,3.018666666666667,6.325333333333333
2023-07-08,2.28,6.1,2.9886666666666666,6.269333333333334
2023-07-09,2.56,7.56,2.9789999999999996,6.351333333333334
2023-07-10,2.56,6.83,2.9553333333333334,6.375
2023-07-11,3.12,6.43,2.942333333333333,6.360333333333333
2023-07-12,3.09,4.82,2.9406666666666665,6.309
2023-07-13,3.45,5.58,2.9676666666666662,6.306
2023-07-14,2.8,6.29,2.9690000000000003,6.277
2023-07-15,3.85,6.54,2.9956666666666667,6.277
2023-07-16,2.9,6.7,2.9680000000000004,6.309
2023-07-17,3.57,8.02,2.9939999999999998,6.357666666666666
2023-07-18,2.21,7.01,2.953333333333333,6.389
2023-07-19,2.59,6.54,2.926333333333333,6.441000000000001
2023-07-20,1.47,6.21,2.8553333333333333,6.454
2023-07-21,1.87,7.39,2.8123333333333336,6.479
2023-07-22,2.09,7.8,2.8096666666666668,6.558333333333334
2023-07-23,2.75,6.68,2.8003333333333336,6.571
2023-07-24,2.92,5.63,2.7816666666666667,6.520666666666667
2023-07-25,2.78,6.04,2.8070000000000004,6.505666666666667
2023-07-26,2.44,6.5,2.7613333333333334,6.551333333333333
2023-07-27,2.68,5.78,2.744333333333333,6.5326666666666675
2023-07-28,2.48,6.23,2.7093333333333334,6.473333333333333
2023-07-29,3.35,6.64,2.7226666666666666,6.485333333333333
2023-07-30,2.95,6.0,2.7236666666666665,6.479
2023-07-31,2.84,5.62,2.725,6.443
2023-08-01,3.36,5.49,2.768666666666667,6.421
2023-08-02,3.13,6.5,2.7933333333333334,6.415333333333334
2023-08-03,2.85,5.37,2.802,6.402666666666667
2023-08-04,3.27,6.32,2.8176666666666668,6.397333333333333
2023-08-05,3.5,6.86,2.8156666666666665,6.399333333333334
2023-08-06,3.1,7.9,2.8269999999999995,6.446000000000001
2023-08-07,3.11,7.19,2.8546666666666667,6.482333333333333
2023-08-08,3.92,7.42,2.9,6.477666666666666
2023-08-09,3.24,6.91,2.9226666666666667,6.480333333333333
2023-08-10,3.25,6.74,2.927,6.490666666666667
2023-08-11,2.66,6.83,2.9126666666666665,6.557666666666667
2023-08-12,2.77,6.05,2.89,6.573333333333333
2023-08-13,3.09,6.66,2.8996666666666666,6.585666666666667
2023-08-14,2.87,6.71,2.867,6.591333333333334
2023-08-15,2.81,6.42,2.8639999999999994,6.581999999999999
2023-08-16,2.89,8.2,2.841333333333333,6.588
2023-08-17,3.27,7.08,2.876666666666667,6.590333333333333
2023-08-18,2.82,5.38,2.884333333333333,6.551666666666666
2023-08-19,2.35,6.95,2.913666666666667,6.576333333333333
2023-08-20,3.74,7.08,2.976,6.566
2023-08-21,3.98,7.44,3.039,6.554
2023-08-22,3.61,7.14,3.0676666666666668,6.569333333333334
2023-08-23,2.82,7.23,3.064333333333333,6.622666666666666
2023-08-24,3.11,6.25,3.075333333333333,6.629666666666666
2023-08-25,2.97,6.94,3.0929999999999995,6.644333333333333
2023-08-26,2.18,6.42,3.0763333333333334,6.665666666666667
2023-08-27,1.6,5.69,3.0469999999999997,6.647666666666667
2023-08-28,2.49,5.97,3.0183333333333335,6.625333333333333
2023-08-29,3.38,6.68,3.0326666666666666,6.648
2023-08-30,2.34,5.34,3.016,6.638666666666667
2023-08-31,3.61,6.07,3.0243333333333333,6.658
2023-09-01,2.61,4.74,3.007,6.599333333333334
2023-09-02,3.06,5.33,3.0140000000000002,6.598
2023-09-03,2.49,7.19,2.988,6.627
2023-09-04,1.94,6.76,2.936,6.623666666666667
2023-09-05,1.44,6.21,2.880666666666667,6.567333333333333
2023-09-06,2.27,6.14,2.852666666666667,6.532333333333333
2023-09-07,3.03,7.02,2.823,6.519
2023-09-08,2.45,7.15,2.7966666666666664,6.527
2023-09-09,2.46,6.47,2.7703333333333333,6.518
2023-09-10,2.5,6.09,2.765,6.493333333333333
2023-09-11,2.84,6.08,2.767333333333333,6.4943333333333335
2023-09-12,2.28,6.36,2.740333333333333,6.484333333333334
2023-09-13,2.48,7.11,2.727333333333333,6.4976666666666665
2023-09-14,2.11,8.01,2.704,6.550666666666667
2023-09-15,1.65,6.54,2.662666666666667,6.495333333333333
2023-09-16,2.14,7.12,2.625,6.496666666666667
2023-09-17,1.98,6.67,2.597,6.539666666666667
2023-09-18,3.01,5.33,2.6189999999999998,6.485666666666666
2023-09-19,3.29,5.45,2.604,6.431333333333334
2023-09-20,2.32,7.9,2.5486666666666666,6.446666666666666
2023-09-21,2.74,5.13,2.5196666666666663,6.379666666666666
2023-09-22,2.47,6.31,2.5080000000000005,6.349
2023-09-23,3.23,6.91,2.512,6.371
2023-09-24,3.27,6.57,2.522,6.358666666666667
2023-09-25,2.52,7.71,2.533333333333333,6.401666666666667
2023-09-26,2.32,6.2,2.5573333333333332,6.418666666666667
2023-09-27,3.01,6.5,2.5746666666666664,6.436333333333334
2023-09-28,2.17,7.04,2.5343333333333335,6.448333333333333
2023-09-29,2.87,7.06,2.5519999999999996,6.5056666666666665
2023-09-30,2.59,6.28,2.518,6.512666666666666
2023-10-01,2.16,5.84,2.5029999999999997,6.549333333333333
2023-10-02,2.37,5.41,2.4799999999999995,6.5520000000000005
2023-10-03,2.68,8.13,2.4863333333333335,6.583333333333333
2023-10-04,2.7,6.95,2.5116666666666663,6.589666666666667
2023-10-05,2.9,6.4,2.5603333333333333,6.596
2023-10-06,2.81,5.76,2.578333333333333,6.583333333333333
2023-10-07,2.99,6.26,2.577,6.558000000000001
2023-10-08,2.63,5.47,2.583,6.502
2023-10-09,3.21,5.44,2.6079999999999997,6.467666666666667
2023-10-10,3.49,5.43,2.6409999999999996,6.445666666666667
2023-10-11,2.64,5.44,2.634333333333333,6.424333333333333
2023-10-12,1.91,5.98,2.6220000000000003,6.411666666666666
2023-10-13,3.17,6.84,2.645,6.402666666666666
2023-10-14,1.91,6.14,2.6383333333333336,6.340333333333334
2023-10-15,2.81,7.28,2.677,6.365
2023-10-16,2.96,7.08,2.704333333333333,6.363666666666666
2023-10-17,2.65,6.45,2.726666666666667,6.356333333333334
2023-10-18,2.84,5.92,2.7209999999999996,6.376
2023-10-19,2.63,6.72,2.699,6.418333333333333
2023-10-20,2.52,6.31,2.7056666666666667,6.365333333333334
2023-10-21,2.29,6.2,2.6906666666666665,6.400999999999999
2023-10-22,3.61,6.47,2.7286666666666672,6.406333333333334
2023-10-23,3.79,6.63,2.747333333333333,6.397
2023-10-24,3.35,5.89,2.75,6.374333333333333
2023-10-25,3.23,5.67,2.7736666666666663,6.306333333333333
2023-10-26,3.29,6.28,2.806,6.309
2023-10-27,2.83,6.61,2.8,6.312666666666667
2023-10-28,3.04,4.74,2.8289999999999997,6.236000000000001
2023-10-29,3.08,5.09,2.8360000000000003,6.170333333333334
2023-10-30,2.85,5.74,2.844666666666667,6.152333333333333
2023-10-31,2.95,5.13,2.8710000000000004,6.128666666666667
2023-11-01,3.14,4.8,2.896666666666667,6.108333333333333
2023-11-02,3.3,5.64,2.917333333333333,6.025333333333334
2023-11-03,3.36,6.62,2.9393333333333334,6.014333333333332
2023-11-04,3.25,5.96,2.951,5.999666666666667
2023-11-05,3.18,7.55,2.9633333333333334,6.059333333333333
2023-11-06,3.78,6.83,2.9896666666666665,6.078333333333333
2023-11-07,3.42,7.39,3.0159999999999996,6.142333333333334
2023-11-08,3.23,7.15,3.0166666666666666,6.199333333333334
2023-11-09,2.8,6.76,2.993666666666667,6.243666666666667
2023-11-10,1.88,5.2,2.9683333333333337,6.235666666666666
2023-11-11,2.75,6.29,2.9963333333333333,6.246
2023-11-12,1.69,5.96,2.947,6.216666666666667
2023-11-13,1.69,6.93,2.9396666666666667,6.242999999999999
2023-11-14,2.99,6.87,2.9456666666666664,6.229333333333333
2023-11-15,3.13,6.92,2.9513333333333334,6.224
2023-11-16,2.79,6.72,2.956,6.233
2023-11-17,2.24,5.16,2.936,6.207666666666666
2023-11-18,2.93,6.48,2.9459999999999997,6.199666666666667
2023-11-19,2.04,7.72,2.93,6.246666666666667
2023-11-20,1.49,6.79,2.9033333333333338,6.266333333333333
2023-11-21,1.85,6.4,2.8446666666666665,6.263999999999999
2023-11-22,2.87,6.17,2.814,6.248666666666666
2023-11-23,3.8,7.76,2.8289999999999997,6.311000000000001
2023-11-24,3.31,6.67,2.8316666666666666,6.344333333333333
2023-11-25,2.5,5.96,2.805333333333333,6.333666666666667
2023-11-26,3.12,7.2,2.815,6.3533333333333335
2023-11-27,3.63,7.74,2.8346666666666667,6.453333333333333
2023-11-28,2.26,8.0,2.8073333333333332,6.550333333333333
2023-11-29,3.43,7.66,2.8266666666666667,6.614333333333334
2023-11-30,2.88,6.58,2.824333333333333,6.662666666666667
2023-12-01,2.16,7.56,2.7916666666666665,6.754666666666667
2023-12-02,2.53,6.61,2.766,6.787
2023-12-03,3.12,5.6,2.758,6.753
2023-12-04,3.53,5.66,2.767333333333333,6.742999999999999
2023-12-05,3.07,7.17,2.7636666666666665,6.730333333333333
2023-12-06,2.85,7.62,2.732666666666667,6.756666666666667
2023-12-07,3.19,6.97,2.725,6.742666666666667
2023-12-08,2.64,5.43,2.7053333333333334,6.6853333333333325
2023-12-09,3.2,7.01,2.7186666666666666,6.693666666666667
2023-12-10,3.41,6.33,2.7696666666666663,6.731333333333334
2023-12-11,3.46,6.42,2.7933333333333334,6.735666666666666
2023-12-12,3.7,6.13,2.8603333333333336,6.741333333333333
2023-12-13,2.52,6.86,2.888,6.739
2023-12-14,3.82,8.26,2.9156666666666666,6.785333333333333
2023-12-15,3.88,6.98,2.9406666666666665,6.787333333333334
2024-01-05,0.62,0.12,2.868333333333333,6.567333333333334
2024-01-06,0.62,0.12,2.8143333333333334,6.399333333333334
2024-01-07,0.62,0.12,2.7373333333333334,6.187333333333333
2024-01-08,0.62,0.12,2.6899999999999995,5.933999999999999
2024-01-09,0.62,0.12,2.661,5.711666666666667
2024-01-10,0.62,0.12,2.62,5.5023333333333335
2024-01-11,0.62,0.12,2.545,5.300666666666667
2024-01-12,0.62,0.12,2.439,5.046
2024-01-13,0.62,0.12,2.3493333333333335,4.827666666666667
2024-01-14,0.62,0.12,2.2866666666666666,4.633
2024-01-18,2.68,6.8,2.272,4.619666666666666
2024-01-19,3.82,6.91,2.2783333333333333,4.592
2024-01-20,3.72,6.94,2.327,4.556666666666667
2024-01-21,3.46,6.2,2.3280000000000003,4.508
2024-01-22,3.5,5.51,2.348666666666667,4.472333333333333
2024-01-23,3.42,8.24,2.3906666666666667,4.495
2024-01-24,3.07,8.47,2.4086666666666665,4.5569999999999995
2024-01-25,2.8,8.97,2.398,4.6693333333333324
2024-01-26,3.14,6.72,2.385,4.704666666666666
2024-01-27,2.63,6.47,2.3703333333333334,4.681333333333333
2024-01-28,3.1,6.72,2.3786666666666667,4.651333333333333
2024-01-29,2.88,6.72,2.368333333333333,4.643000000000001
2024-01-30,3.54,6.23,2.3983333333333334,4.669666666666667
2024-01-31,3.35,5.92,2.4033333333333333,4.633333333333334
2024-02-01,3.17,6.43,2.3953333333333333,4.636666666666667
2024-02-02,2.96,6.75,2.3786666666666667,4.647666666666667
2024-02-03,4.08,8.3,2.3913333333333333,4.720000000000001
2024-02-04,4.0,7.33,2.4406666666666665,4.735666666666666
2024-02-05,4.76,6.58,2.472,4.679666666666667
2024-02-06,4.46,6.27,2.491333333333333,4.656
2024-02-07,3.4,7.62,2.5840000000000005,4.906000000000001
2024-02-08,2.65,6.37,2.6516666666666664,5.114333333333334
2024-02-09,3.1,5.38,2.7343333333333333,5.289666666666666
2024-02-10,3.51,8.88,2.8306666666666667,5.581666666666666
2024-02-11,3.5,6.12,2.9266666666666667,5.781666666666666
2024-02-12,2.65,5.17,2.994333333333333,5.95
2024-02-13,1.73,6.17,3.0313333333333334,6.151666666666666
2024-02-14,2.88,5.81,3.106666666666667,6.341333333333334
2024-02-15,3.49,6.78,3.2023333333333333,6.5633333333333335
2024-02-16,2.7,6.65,3.271666666666667,6.781000000000001
2024-02-17,3.36,7.58,3.2943333333333333,6.8069999999999995
2024-02-18,4.18,6.9,3.3063333333333333,6.806666666666667
2024-02-19,3.62,7.3,3.303,6.818666666666667
2024-02-20,2.78,7.73,3.280333333333333,6.869666666666666
2024-02-21,2.54,7.12,3.2483333333333335,6.923333333333333
2024-02-22,3.02,6.01,3.235,6.849
2024-02-23,3.79,6.07,3.2590000000000003,6.769000000000001
2024-02-24,3.3,5.73,3.275666666666667,6.6610000000000005
2024-02-25,3.31,7.23,3.281333333333334,6.678
2024-02-26,3.14,7.15,3.298333333333333,6.700666666666667
2024-02-27,3.71,7.12,3.3186666666666667,6.714
2024-02-28,2.54,7.94,3.3073333333333332,6.754666666666666
2024-02-29,3.06,8.21,3.291333333333333,6.820666666666667
2024-03-01,3.89,7.38,3.3093333333333335,6.8693333333333335
2024-03-02,3.61,6.17,3.324,6.860666666666666
2024-03-03,3.43,6.94,3.3396666666666666,6.867000000000001
2024-03-04,3.07,5.74,3.3059999999999996,6.781666666666666
2024-03-05,3.43,5.76,3.287,6.729333333333334
2024-03-06,4.02,6.03,3.262333333333333,6.711
2024-03-07,3.67,6.33,3.2359999999999998,6.713
2024-03-08,4.49,6.81,3.272333333333333,6.686000000000001
2024-03-09,3.64,6.85,3.305333333333333,6.702
2024-03-10,2.56,6.02,3.287333333333333,6.723333333333334
2024-03-11,4.11,7.43,3.3073333333333332,6.675
2024-03-12,3.99,6.98,3.323666666666667,6.703666666666667
2024-03-13,3.57,4.83,3.3543333333333334,6.692333333333333
2024-03-14,3.64,7.84,3.418,6.748
2024-03-15,3.8,6.79,3.4486666666666665,6.780666666666667
2024-03-16,4.43,6.49,3.48,6.771
2024-03-17,4.98,7.13,3.556,6.787000000000001
2024-03-18,3.93,7.41,3.575,6.781333333333334
2024-03-19,3.03,6.34,3.5366666666666666,6.762666666666666
2024-03-20,3.07,7.7,3.518333333333333,6.776
2024-03-21,4.1,6.81,3.5623333333333336,6.745333333333334
2024-03-22,4.22,6.31,3.618333333333333,6.718333333333334
2024-03-23,3.05,6.8,3.619333333333333,6.744666666666666
2024-03-24,2.9,7.99,3.5896666666666666,6.808666666666666
2024-03-25,3.73,7.8,3.6039999999999996,6.877666666666667
2024-03-26,4.1,5.3,3.630333333333333,6.8133333333333335
2024-03-27,4.15,7.48,3.664,6.824333333333334
2024-03-28,4.04,6.85,3.675,6.815333333333333
2024-03-29,3.29,6.75,3.7,6.775666666666667
2024-03-30,3.59,6.61,3.7176666666666667,6.722333333333333
2024-03-31,3.4,7.19,3.7013333333333334,6.715999999999999
2024-04-01,2.27,6.43,3.6566666666666667,6.724666666666667
2024-04-02,2.82,7.95,3.6363333333333334,6.758333333333334
2024-04-03,3.14,8.51,3.6386666666666665,6.850666666666667
2024-04-04,4.26,5.46,3.666333333333333,6.8406666666666665
2024-04-05,3.68,6.6,3.6550000000000002,6.859666666666667
2024-04-06,4.06,6.83,3.6679999999999997,6.876333333333333
2024-04-07,3.76,5.87,3.643666666666667,6.845
2024-04-08,2.81,5.6,3.616,6.803333333333333
2024-04-09,2.91,6.48,3.627666666666667,6.818666666666667
2024-04-10,3.23,6.59,3.5983333333333336,6.790666666666667
2024-04-11,4.0,6.89,3.5986666666666665,6.7876666666666665
2024-04-12,4.55,7.39,3.631333333333333,6.873000000000001
2024-04-13,3.68,6.21,3.6326666666666667,6.818666666666667
2024-04-14,4.11,5.63,3.6430000000000002,6.779999999999999
2024-04-15,3.26,6.68,3.6039999999999996,6.786333333333333
2024-04-16,3.6,6.03,3.558,6.749666666666666
2024-04-17,3.8,5.88,3.5536666666666665,6.698666666666666
2024-04-18,3.33,6.25,3.5636666666666668,6.695666666666667
2024-04-19,2.55,8.24,3.5463333333333336,6.713666666666667
2024-04-20,3.1,7.59,3.513,6.7396666666666665
2024-04-21,3.99,8.0,3.505333333333333,6.796
2024-04-22,3.88,7.38,3.533,6.815333333333333
2024-04-23,3.35,7.13,3.548,6.786666666666666
2024-04-24,3.11,7.99,3.5273333333333334,6.793
2024-04-25,3.86,6.97,3.5193333333333334,6.848666666666667
2024-04-26,2.99,6.63,3.4806666666666666,6.820333333333333
2024-04-27,3.65,7.37,3.4676666666666667,6.837666666666666
2024-04-28,4.4,7.97,3.5046666666666666,6.878333333333333
2024-04-29,2.77,6.27,3.4773333333333336,6.867000000000001
2024-04-30,2.85,6.53,3.459,6.845000000000001
2024-05-01,2.76,6.9,3.4753333333333334,6.860666666666666
2024-05-02,2.93,6.86,3.4789999999999996,6.824333333333333
2024-05-03,2.94,7.28,3.472333333333333,6.783333333333333
2024-05-04,3.08,7.24,3.4330000000000003,6.842666666666667
2024-05-05,3.35,7.11,3.4219999999999997,6.859666666666667
2024-05-06,3.0,7.2,3.3866666666666663,6.872
2024-05-07,2.88,6.69,3.3573333333333335,6.899333333333334
2024-05-08,3.56,7.1,3.3823333333333334,6.949333333333334
2024-05-09,2.88,7.72,3.381333333333333,6.990666666666667
2024-05-10,2.78,6.02,3.366333333333333,6.971666666666666
2024-05-11,3.51,6.45,3.35,6.957
2024-05-12,3.62,5.59,3.3190000000000004,6.897
2024-05-13,3.27,6.28,3.305333333333333,6.899333333333334
2024-05-14,2.85,5.92,3.263333333333333,6.909000000000001
2024-05-15,3.53,5.73,3.2723333333333335,6.8773333333333335
2024-05-16,3.75,6.56,3.277333333333333,6.895
2024-05-17,3.95,8.41,3.2823333333333333,6.979333333333333
2024-05-18,3.93,7.19,3.302333333333334,7.010666666666667
2024-05-19,3.83,6.96,3.345,6.968
2024-05-20,4.04,6.36,3.376333333333333,6.9270000000000005
2024-05-21,3.43,6.36,3.357666666666667,6.872333333333333
2024-05-22,3.53,5.45,3.3460000000000005,6.808000000000001
2024-05-23,2.99,6.45,3.334,6.785333333333333
2024-05-24,3.15,6.16,3.3353333333333333,6.724333333333333
2024-05-25,3.62,6.26,3.3273333333333333,6.700666666666667
2024-05-26,2.7,8.07,3.3176666666666668,6.748666666666667
2024-05-27,3.32,8.2,3.3066666666666666,6.776333333333333
2024-05-28,3.9,6.91,3.29,6.741
2024-05-29,3.01,6.16,3.298,6.737333333333334
2024-05-30,3.44,6.85,3.3176666666666668,6.748
2024-05-31,3.5,7.17,3.3423333333333334,6.757000000000001
2024-06-01,4.08,8.04,3.380666666666667,6.796333333333333
2024-06-02,3.97,8.54,3.415,6.838333333333334
2024-06-03,3.63,6.72,3.433333333333333,6.821
2024-06-04,2.52,5.74,3.405666666666667,6.775333333333333
2024-06-05,2.85,7.31,3.4006666666666665,6.779
2024-06-06,2.97,7.34,3.4036666666666666,6.800666666666666
2024-06-07,3.57,5.81,3.4040000000000004,6.757666666666666
2024-06-08,3.71,5.94,3.4316666666666666,6.698333333333333
2024-06-09,3.06,7.55,3.4410000000000003,6.749333333333334
2024-06-10,3.37,7.46,3.4363333333333332,6.7829999999999995
2024-06-11,2.92,8.17,3.413,6.869
2024-06-12,3.38,7.4,3.4166666666666665,6.906333333333333
2024-06-13,3.52,6.7,3.439,6.932333333333333
2024-06-14,3.39,5.88,3.4343333333333335,6.937333333333333
2024-06-15,3.63,6.63,3.430333333333333,6.939666666666667
2024-06-16,3.25,6.24,3.4070000000000005,6.867333333333333
2024-06-17,3.98,6.75,3.4086666666666665,6.852666666666666
2024-06-18,3.91,7.49,3.411333333333333,6.870333333333334
2024-06-19,3.1,7.95,3.3800000000000003,6.923333333333333
2024-06-20,2.03,7.96,3.3333333333333335,6.9766666666666675
2024-06-21,4.4,7.3,3.362333333333333,7.038333333333332
2024-06-22,3.39,8.06,3.3756666666666666,7.092
2024-06-23,3.33,6.81,3.3816666666666664,7.113666666666666
2024-06-24,3.37,6.52,3.3733333333333335,7.122333333333333
2024-06-25,3.19,6.62,3.3896666666666664,7.074
2024-06-26,2.63,6.16,3.3666666666666667,7.006
2024-06-27,3.62,5.92,3.3573333333333335,6.973
2024-06-28,3.43,7.08,3.3713333333333333,7.003666666666666
2024-06-29,3.84,5.81,3.384666666666667,6.968999999999999
2024-06-30,3.6,7.48,3.388,6.979333333333333
2024-07-01,3.43,7.25,3.366333333333334,6.953
2024-07-02,3.68,6.97,3.356666666666667,6.900666666666666
2024-07-03,4.18,5.95,3.375,6.875
2024-07-04,4.37,6.71,3.4366666666666665,6.907333333333333
2024-07-05,3.92,6.47,3.4723333333333333,6.879333333333333
2024-07-06,3.53,6.32,3.491,6.8453333333333335
2024-07-07,3.12,7.0,3.476,6.885000000000001
2024-07-08,3.28,8.33,3.461666666666667,6.964666666666667
2024-07-09,3.76,7.18,3.485,6.952333333333333
2024-07-10,3.57,8.02,3.4916666666666667,6.971000000000001
2024-07-11,4.22,8.27,3.5349999999999997,6.974333333333333
2024-07-12,3.15,7.66,3.527333333333333,6.983
2024-07-13,3.57,6.36,3.5290000000000004,6.971666666666667
2024-07-14,3.72,6.39,3.54,6.988666666666666
2024-07-15,3.37,6.68,3.5313333333333334,6.990333333333334
2024-07-16,3.86,7.07,3.5516666666666667,7.018
2024-07-17,4.48,7.14,3.5683333333333334,7.031000000000001
2024-07-18,3.73,6.76,3.5623333333333336,7.006666666666666
2024-07-19,2.63,6.97,3.5466666666666664,6.974
2024-07-20,3.26,5.05,3.5876666666666663,6.877
2024-07-21,3.46,7.74,3.5563333333333333,6.891666666666666
2024-07-22,3.1,6.15,3.546666666666667,6.828
2024-07-23,3.36,6.21,3.5476666666666667,6.808000000000001
2024-07-24,3.89,7.65,3.565,6.845666666666667
2024-07-25,3.16,7.41,3.564,6.872
2024-07-26,3.85,7.2,3.6046666666666667,6.906666666666666
2024-07-27,3.32,6.55,3.594666666666667,6.927666666666667
2024-07-28,2.92,6.65,3.5776666666666666,6.913333333333333
2024-07-29,2.72,5.97,3.5403333333333333,6.918666666666667
2024-07-30,3.39,5.71,3.533333333333333,6.8596666666666675
2024-07-31,3.98,7.21,3.5516666666666667,6.858333333333333
2024-08-01,3.59,8.24,3.5486666666666666,6.900666666666667
2024-08-02,2.98,7.05,3.508666666666666,6.937333333333332
2024-08-03,4.08,6.72,3.499,6.937666666666667
2024-08-04,3.33,6.61,3.4793333333333334,6.942333333333334
2024-08-05,3.65,7.84,3.4833333333333334,6.992999999999999
2024-08-06,2.75,6.97,3.4709999999999996,6.992
2024-08-07,2.99,6.1,3.461333333333333,6.917666666666666
2024-08-08,2.81,7.2,3.429666666666667,6.918333333333334
2024-08-09,3.26,7.71,3.4193333333333333,6.9079999999999995
2024-08-10,2.58,7.67,3.3646666666666665,6.888000000000001
2024-08-11,2.67,6.93,3.348666666666667,6.863666666666666
2024-08-12,2.88,6.31,3.3256666666666663,6.861999999999999
2024-08-13,3.03,6.56,3.3026666666666666,6.867666666666667
2024-08-14,3.58,7.74,3.3096666666666663,6.9030000000000005
2024-08-15,2.83,8.35,3.275333333333333,6.945666666666667
2024-08-16,3.79,7.66,3.2523333333333335,6.962999999999999
2024-08-17,3.21,6.37,3.235,6.95
2024-08-18,3.05,6.14,3.249,6.9223333333333334
2024-08-19,3.02,6.81,3.241,6.980999999999999
2024-08-20,3.51,7.26,3.2426666666666666,6.965000000000001
2024-08-21,4.15,6.46,3.2776666666666667,6.975333333333333
2024-08-22,2.89,6.5,3.262,6.985
2024-08-23,2.92,5.71,3.2296666666666667,6.920333333333333
2024-08-24,3.04,7.32,3.2256666666666667,6.917333333333333
2024-08-25,4.33,6.0,3.2416666666666667,6.8773333333333335
2024-08-26,3.5,7.33,3.247666666666667,6.903333333333333
2024-08-27,2.79,6.61,3.243333333333333,6.902
2024-08-28,3.07,6.61,3.2550000000000003,6.923333333333333
2024-08-29,3.65,6.64,3.2636666666666665,6.954333333333334
2024-08-30,4.15,7.88,3.2693333333333334,6.9766666666666675
2024-08-31,3.37,7.88,3.262,6.964666666666667
2024-09-01,3.27,7.87,3.271666666666667,6.992000000000001
2024-09-02,3.74,8.38,3.2603333333333335,7.0473333333333334
2024-09-03,3.24,7.28,3.2573333333333334,7.0696666666666665
2024-09-04,3.55,7.17,3.254,7.047333333333333
2024-09-05,3.3,6.17,3.2723333333333335,7.020666666666667
2024-09-06,2.82,5.49,3.2666666666666666,7.000333333333333
2024-09-07,2.92,6.65,3.2703333333333333,6.981999999999999
2024-09-08,2.65,6.91,3.25,6.955333333333333
2024-09-09,2.98,6.27,3.2633333333333336,6.908666666666666
2024-09-10,3.91,5.85,3.304666666666667,6.8726666666666665
2024-09-11,3.22,6.68,3.3160000000000003,6.885000000000001
2024-09-12,3.49,5.96,3.3313333333333333,6.865
2024-09-13,3.71,7.6,3.335666666666667,6.860333333333333
2024-09-14,3.8,6.37,3.3680000000000003,6.794333333333333
2024-09-15,4.54,6.92,3.393,6.769666666666667
2024-09-16,3.57,5.93,3.4050000000000002,6.755
2024-09-17,4.04,8.4,3.438,6.830333333333333
2024-09-18,4.68,6.58,3.493333333333333,6.822666666666667
2024-09-19,3.64,6.16,3.497666666666667,6.786
2024-09-20,5.02,6.39,3.5266666666666664,6.783666666666667
2024-09-21,3.82,7.99,3.557666666666667,6.833333333333332
2024-09-22,2.34,7.27,3.538333333333333,6.8853333333333335
2024-09-23,3.25,5.49,3.5453333333333332,6.824333333333334
2024-09-24,2.51,6.46,3.484666666666667,6.839666666666667
2024-09-25,3.54,6.74,3.4859999999999998,6.819999999999999
2024-09-26,3.31,6.37,3.503333333333333,6.811999999999999
2024-09-27,3.9,7.81,3.5309999999999997,6.852
2024-09-28,4.36,7.62,3.554666666666667,6.884666666666666
2024-09-29,4.74,6.43,3.574333333333333,6.836333333333333
2024-09-30,3.41,5.99,3.575666666666667,6.7733333333333325
2024-10-01,3.17,5.72,3.572333333333333,6.701666666666666
2024-10-02,3.98,6.11,3.5803333333333334,6.626
2024-10-03,3.99,7.37,3.6053333333333337,6.6290000000000004
2024-10-04,3.35,6.65,3.5986666666666665,6.611666666666666
2024-10-05,4.15,7.05,3.6270000000000002,6.641
2024-10-06,4.03,7.21,3.6673333333333336,6.698333333333334
2024-10-07,4.0,6.51,3.7033333333333336,6.693666666666667
2024-10-08,3.99,6.82,3.7479999999999998,6.690666666666667
2024-10-09,3.99,6.07,3.7816666666666667,6.684
2024-10-10,4.51,6.71,3.8016666666666667,6.712666666666666
2024-10-11,4.59,7.95,3.8473333333333333,6.755
2024-10-12,3.91,6.34,3.8613333333333335,6.767666666666667
2024-10-13,3.13,7.63,3.8419999999999996,6.768666666666666
2024-10-14,3.77,7.4,3.841,6.803
2024-10-15,4.01,6.38,3.8233333333333333,6.785
2024-10-16,3.1,7.06,3.807666666666667,6.822666666666667
2024-10-17,3.68,7.11,3.795666666666667,6.7796666666666665
2024-10-18,3.67,7.1,3.762,6.797
2024-10-19,3.63,7.54,3.7616666666666663,6.843000000000001
2024-10-20,3.06,6.79,3.6963333333333335,6.856333333333334
2024-10-21,4.91,6.57,3.7326666666666664,6.809
2024-10-22,5.22,6.32,3.8286666666666664,6.777333333333333
2024-10-23,4.26,7.06,3.8623333333333334,6.829666666666666
2024-10-24,4.26,7.29,3.920666666666667,6.857333333333334
2024-10-25,3.81,7.58,3.929666666666667,6.8853333333333335
2024-10-26,3.75,7.3,3.9443333333333337,6.916333333333333
2024-10-27,4.69,7.48,3.970666666666667,6.905333333333333
2024-10-28,2.67,6.88,3.9143333333333334,6.8806666666666665
2024-10-29,2.99,5.92,3.8560000000000003,6.863666666666666
2024-10-30,3.05,6.75,3.844,6.889
2024-10-31,3.03,6.95,3.8393333333333337,6.930000000000001
2024-11-01,2.99,6.61,3.8063333333333333,6.946666666666667
2024-11-02,4.01,6.52,3.807,6.918333333333333
2024-11-03,4.08,8.09,3.8313333333333333,6.966333333333334
2024-11-04,3.16,7.21,3.798333333333333,6.971666666666667
2024-11-05,2.74,6.53,3.755333333333333,6.949
2024-11-06,3.35,5.98,3.7336666666666662,6.931333333333333
2024-11-07,3.68,7.31,3.7233333333333336,6.947666666666667
2024-11-08,2.82,6.59,3.6843333333333335,6.965
2024-11-09,2.66,5.8,3.622666666666667,6.934666666666668
2024-11-10,2.74,7.19,3.561,6.9093333333333335
2024-11-11,3.0,6.81,3.530666666666667,6.925
2024-11-12,4.17,5.58,3.5653333333333337,6.8566666666666665
2024-11-13,3.9,6.62,3.569666666666666,6.830666666666667
2024-11-14,3.09,7.49,3.539,6.867666666666667
2024-11-15,3.36,6.92,3.5476666666666663,6.8629999999999995
2024-11-16,4.55,6.0,3.5766666666666667,6.826
2024-11-17,4.13,5.72,3.592,6.78
2024-11-18,3.57,7.19,3.5900000000000003,6.768333333333333
2024-11-19,3.41,7.49,3.6016666666666666,6.791666666666667
2024-11-20,3.93,8.07,3.5690000000000004,6.841666666666667
2024-11-21,2.85,6.53,3.49,6.848666666666667
2024-11-22,3.68,6.5,3.470666666666667,6.83
2024-11-23,3.17,5.98,3.4343333333333335,6.786333333333332
2024-11-24,3.58,7.55,3.4266666666666667,6.785333333333333
2024-11-25,3.87,7.09,3.4306666666666663,6.778333333333333
2024-11-26,3.5,7.95,3.3909999999999996,6.794
2024-11-27,3.12,6.34,3.4059999999999997,6.776
2024-11-28,2.41,5.06,3.3866666666666663,6.747333333333333
2024-11-29,2.39,6.25,3.3646666666666665,6.730666666666666
2024-11-30,3.21,5.98,3.3706666666666667,6.698333333333333
2024-12-01,4.04,7.31,3.405666666666667,6.721666666666666
2024-12-02,3.21,6.9,3.379,6.734333333333334
2024-12-03,4.04,7.59,3.377666666666667,6.717666666666667
2024-12-04,4.21,7.97,3.4126666666666665,6.742999999999999
2024-12-05,3.2,7.33,3.428,6.769666666666667
2024-12-06,3.47,8.35,3.4320000000000004,6.848666666666667
2024-12-07,3.52,8.4,3.4266666666666667,6.885000000000001
2024-12-08,3.1,7.26,3.436,6.907333333333333
2024-12-09,3.72,6.6,3.471333333333333,6.933999999999999
2024-12-10,3.97,7.12,3.5123333333333333,6.931666666666667
2024-12-11,2.45,7.96,3.4939999999999998,6.97
2024-12-12,2.53,6.25,3.439333333333333,6.992333333333334
2024-12-13,4.12,6.25,3.4466666666666668,6.98
2024-12-14,4.87,7.58,3.5060000000000002,6.983
2024-12-15,5.17,6.5,3.5663333333333336,6.968999999999999
